model,celltype,n,r2_within_mean,r2_within_repeat_min,r2_within_repeat_max,r2_within_boot_lo,r2_within_boot_hi,mae_within,r2_naive_mean,r2_naive_boot_lo,r2_naive_boot_hi,mae_naive
"composition (CLR, 17 categories)",(donor level),981,0.49285252302553834,0.48666841656383664,0.499375103115669,0.4336323688493762,0.5356138518483252,8.078467687490493,0.48913053084403535,0.4308791748308644,0.5375477653923733,9.435061235823927
expression: all 16 cell types jointly,(donor level),981,0.48228243443901386,0.47663640502204263,0.4879258559150229,0.4540146018620064,0.5075285938722737,8.123353834879385,0.5142860924079884,0.4863687075890686,0.5550335193213213,9.11945670096733
expression: within cell type,B_intermediate,493,0.12136989951065587,0.11372353851304484,0.13203881193532685,0.0764411134316823,0.15380229776907392,11.094842410823798,0.19259440397962468,0.1576033769584261,0.2521587537061271,12.641791003902684
expression: within cell type,B_memory,614,0.11349857457072063,0.09879317030963308,0.12783911717956054,0.06260565892465472,0.1446798602058175,10.788252229922012,0.17041821396272003,0.12963179040025688,0.2193680172692281,12.453815385954599
expression: within cell type,B_naive,844,0.07196072816732788,0.04983877502672418,0.08945904041822195,0.02609663019151274,0.1053281647433433,10.809054310859073,0.1080467111466353,0.07096109255293091,0.16506210404371557,12.14650285583076
expression: within cell type,CD14_Mono,493,0.1112665141985774,0.09163042340821803,0.12657160618052254,0.07790854831674124,0.16770060580730378,10.842343178041398,0.1445737644934041,0.1191028015035631,0.24367078345368687,11.9568478150501
expression: within cell type,CD16_Mono,293,0.0017833484092487084,-0.019280303146660627,0.013500481242187501,-0.016479067656703726,0.03184024636185291,10.440566246405353,0.011385917321955218,-0.035911730545316066,0.07825469824307776,10.774985222891328
expression: within cell type,CD4_CTL,280,0.022166392198010466,0.008091831524908666,0.03919271241263267,0.0029417299979291405,0.059764527994280996,10.006334431392531,0.05578320513645063,-3.398362840794075e-05,0.07955074367102936,10.529758850887319
expression: within cell type,CD4_Naive,974,0.582685600551657,0.5787785691194185,0.5918549397432338,0.542153212676939,0.6222652076081314,7.330331317600324,0.6086069512597856,0.5786258763399528,0.660944781515453,8.105030195200213
expression: within cell type,CD4_TCM,980,0.5213785854026817,0.5144221296516731,0.532212979933472,0.48289659195597057,0.5513645961630391,7.781451490949886,0.5502373740638564,0.5155355385154166,0.5933279216835259,8.756223355897255
expression: within cell type,CD4_TEM,698,0.2088725542358251,0.20118182208999957,0.22054629209312648,0.17127716578579447,0.25304355615791374,10.042643667662945,0.2870411808402145,0.26311657847308195,0.34420867442520725,10.952869097134524
expression: within cell type,CD8_Naive,671,0.37262177375012534,0.36066317994589414,0.37791451170284285,0.31191661506275,0.4294707633159673,9.185724175973496,0.46427837535218186,0.3959051579246562,0.515181181765337,9.698554982856804
expression: within cell type,CD8_TCM,293,0.11145430759806577,0.0955179594292821,0.1212232370902564,0.07331167290627906,0.13635029453405995,10.85977434988521,0.27762389852229896,0.2072664316333934,0.3257608968525075,11.949039846132054
expression: within cell type,CD8_TEM,966,0.287774294981271,0.28223233837001593,0.2953424982588394,0.2395295258082175,0.32341638987310284,9.550481064487103,0.3648708161712678,0.3177232977879355,0.4092012790438287,10.412522323395208
expression: within cell type,MAIT,112,0.02572052113882578,0.015621704309111806,0.030681016992050836,0.009485032398155735,0.04687326099776147,15.089553796035062,0.08949033447177049,-0.05870288799561,0.14618205153360958,15.548980153126546
expression: within cell type,NK,977,0.17853496559401855,0.16429697029602353,0.19058909748499897,0.14945998189084211,0.23046194771813988,10.13972112161209,0.25152006770411794,0.21695051216671263,0.317329668178611,11.240923206182421
expression: within cell type,Treg,606,0.1306172822910637,0.11436245607581053,0.1391320410422332,0.10153446120234978,0.17178590995118032,10.35444471964583,0.20192253951650002,0.17462633510887043,0.2667120103379013,11.315787748569655
expression: within cell type,gdT,329,0.11789275343909567,0.1086768585923309,0.1264700728294058,0.04609176606465587,0.1737210985914403,11.840426023519239,0.23271333341666697,0.12461194094416243,0.2725553119144159,13.116703765904683
