ok,n,method,norm,alpha,celltype,norm_retained,angle_to_age_deg,proj_r2_id,angle_to_id_deg
True,179,pls1,56381.73232332228,,GABAergic neuron,0.8684976789137325,29.71547333085673,0.2457117817214598,60.28452666914326
True,220,pls1,75320.78823195466,,L2/3 intratelencephalic projecting glutamatergic neuron,0.8828671827204568,28.009811925035258,0.22054553767524357,61.99018807496475
True,215,pls1,58422.719682195624,,L2/3-6 intratelencephalic projecting glutamatergic neuron,0.9076174890526922,24.821845026497947,0.17623049356568618,65.17815497350205
True,124,pls1,35145.48145637314,,L5/6 near-projecting glutamatergic neuron,0.9225080064986779,22.70446602473958,0.14897897794583534,67.29553397526044
True,153,pls1,40470.35354956075,,L6 corticothalamic-projecting glutamatergic cortical neuron,0.9221935604012165,22.751098041656594,0.14955903715452815,67.24890195834338
True,150,pls1,41970.68309724742,,L6 intratelencephalic projecting glutamatergic neuron,0.8990471320350488,25.966901704366855,0.1917142543795539,64.03309829563314
True,109,pls1,27125.365128994814,,L6b glutamatergic neuron of the primary motor cortex,0.9349899749611331,20.77347459902774,0.12579374672217974,69.22652540097225
True,217,pls1,63288.982171357144,,VIP GABAergic interneuron,0.8812551931046918,28.20585073963159,0.2233892846260128,61.794149260368414
True,229,pls1,51471.57097995115,,astrocyte,0.9782059963339745,11.98389684132686,0.04311302873625627,78.01610315867319
True,160,pls1,63298.83791902796,,endothelial cell,0.889888935917698,27.14070606019555,0.20809768173126741,62.85929393980446
True,205,pls1,61251.27322191659,,lamp5 GABAergic interneuron,0.8787822499657834,28.504185925405956,0.22774175714507564,61.49581407459404
True,219,pls1,71248.37188798735,,microglial cell,0.901910617144544,25.5896429955909,0.18655723868194823,64.41035700440912
True,232,pls1,40021.962593637974,,oligodendrocyte,0.9541486952344452,17.417548228244996,0.08960026738240574,72.58245177175496
True,232,pls1,50151.66622061124,,oligodendrocyte precursor cell,0.9644047616601005,15.33311199037894,0.06992345568732498,74.66688800962102
True,136,pls1,45228.51444855139,,pericyte,0.9646822225813342,15.272877328901329,0.06938820943553717,74.72712267109866
True,31,pls1,23335.072771548617,,perivascular macrophage,0.9969630044575593,4.46652409601914,0.006064767742956751,85.53347590398076
True,209,pls1,57610.00310616907,,pvalb GABAergic interneuron,0.8719072173359498,29.318967446227486,0.23977780435748108,60.68103255377251
True,16,pls1,11873.620004160395,,smooth muscle cell,0.9958184262128671,5.24154073048185,0.008345662014928446,84.75845926951827
True,206,pls1,57151.52096227487,,sst GABAergic interneuron,0.8894186289774844,27.199717255512994,0.2089345024278121,62.80028274448702
True,81,pls1,37447.45609321506,,vascular leptomeningeal cell,0.9801105096307159,11.446479157037588,0.039383388911418474,78.5535208429624
