celltype,r2_own,r2_consensus,loss,ratio
GABAergic neuron,-0.3560351464767939,-0.19481613716361945,-0.16121900931317446,0.5471823191936401
L2/3 intratelencephalic projecting glutamatergic neuron,0.607051862899453,0.38374706536748315,0.22330479753196986,0.6321487319626986
L2/3-6 intratelencephalic projecting glutamatergic neuron,0.3412742463601225,0.21622634217282344,0.12504790418729905,0.633585289481982
L5/6 near-projecting glutamatergic neuron,-0.3647269010712806,-0.018221737404194194,-0.3465051636670864,0.049959949076070535
L6 corticothalamic-projecting glutamatergic cortical neuron,0.027326002158938545,0.21323085360189153,-0.185904851442953,7.803221721262365
L6 intratelencephalic projecting glutamatergic neuron,0.07906349267368595,0.26940591922358303,-0.19034242654989708,3.407462915096428
L6b glutamatergic neuron of the primary motor cortex,-0.23862387517811423,0.23795540092736533,-0.47657927610547957,-0.9971986279652447
VIP GABAergic interneuron,-0.07223522784939918,-0.026778720985475957,-0.04545650686392322,0.37071553288799786
astrocyte,0.33398004751293386,-0.2012097351810327,0.5351897826939666,-0.6024603465967246
endothelial cell,-0.48190261472617646,-1.3218347389965337,0.8399321242703572,2.742949921007625
lamp5 GABAergic interneuron,-0.2085999897403159,-0.09917765733774564,-0.10942233240257027,0.47544421004627535
microglial cell,-0.0819207866609506,-0.7553215934916895,0.6734008068307389,9.22014575638506
oligodendrocyte,0.23212437123025964,-0.4346078076994977,0.6667321789297573,-1.8723058048410661
oligodendrocyte precursor cell,0.2443876506742786,-0.3496545104458555,0.5940421611201341,-1.4307372303025132
pericyte,-0.5637002921648888,-1.0705241238638887,0.5068238316989999,1.8991015948431478
perivascular macrophage,-1.7635678157681838,-2.0714929032227967,0.3079250874546129,1.174603485446623
pvalb GABAergic interneuron,0.020935246750667713,-0.08814848894751881,0.10908373569818652,-4.210530212389657
smooth muscle cell,-0.41422957992439446,-3.077047597721104,2.6628180177967096,7.428362789259833
sst GABAergic interneuron,0.04659999442020779,0.01823552471108325,0.02836446970912454,0.3913203196259511
vascular leptomeningeal cell,-0.656765239014254,-1.330878175741018,0.674112936726764,2.0264138487879584
