scheme,cell_line,day,state_a,state_b,n_a,n_b,qualifies,primary,min_cells,weaker_design,permutation,instrument,ok,reason,n_perm,n_boot,perm_seed,boot_seed,effect_size,mean_a,mean_b,delta_mean,median_a,median_b,delta_median,cohens_d,p_mean_lower,p_mean_two_sided,n_perm_mean_le_obs,p_median_lower,p_median_two_sided,null_mean_median,beats_null_lower,delta_mean_ci_lo,delta_mean_ci_hi,delta_median_ci_lo,delta_median_ci_hi
a,GM00731,0,PartialReprog,Fibroblast,3,4939,False,True,30,False,md4_task1._one_contrast_unstratified_within_timepoint,frozen_ruler,False,n<30 in at least one state,,,,,,,,,,,,,,,,,,,,,,,
a,GM00731,0,PartialReprog,Fibroblast,3,4939,False,True,30,False,md4_task1._one_contrast_unstratified_within_timepoint,md_score,False,n<30 in at least one state,,,,,,,,,,,,,,,,,,,,,,,
a,GM00731,0,PartialReprog,Fibroblast,3,4939,False,True,30,False,md4_task1._one_contrast_unstratified_within_timepoint,tgfb_score,False,n<30 in at least one state,,,,,,,,,,,,,,,,,,,,,,,
a,GM00731,0,PartialReprog,Fibroblast,3,4939,False,True,30,False,md4_task1._one_contrast_unstratified_within_timepoint,age_up_minus_age_down,False,n<30 in at least one state,,,,,,,,,,,,,,,,,,,,,,,
a,GM00731,0,PartialReprog,Fibroblast,3,4939,False,True,30,False,md4_task1._one_contrast_unstratified_within_timepoint,pluri_primary,False,n<30 in at least one state,,,,,,,,,,,,,,,,,,,,,,,
a,GM00731,3,PartialReprog,Fibroblast,5220,5,False,True,30,False,md4_task1._one_contrast_unstratified_within_timepoint,frozen_ruler,False,n<30 in at least one state,,,,,,,,,,,,,,,,,,,,,,,
a,GM00731,3,PartialReprog,Fibroblast,5220,5,False,True,30,False,md4_task1._one_contrast_unstratified_within_timepoint,md_score,False,n<30 in at least one state,,,,,,,,,,,,,,,,,,,,,,,
a,GM00731,3,PartialReprog,Fibroblast,5220,5,False,True,30,False,md4_task1._one_contrast_unstratified_within_timepoint,tgfb_score,False,n<30 in at least one state,,,,,,,,,,,,,,,,,,,,,,,
a,GM00731,3,PartialReprog,Fibroblast,5220,5,False,True,30,False,md4_task1._one_contrast_unstratified_within_timepoint,age_up_minus_age_down,False,n<30 in at least one state,,,,,,,,,,,,,,,,,,,,,,,
a,GM00731,3,PartialReprog,Fibroblast,5220,5,False,True,30,False,md4_task1._one_contrast_unstratified_within_timepoint,pluri_primary,False,n<30 in at least one state,,,,,,,,,,,,,,,,,,,,,,,
a,GM00731,7,PartialReprog,Fibroblast,578,14,False,True,30,False,md4_task1._one_contrast_unstratified_within_timepoint,frozen_ruler,False,n<30 in at least one state,,,,,,,,,,,,,,,,,,,,,,,
a,GM00731,7,PartialReprog,Fibroblast,578,14,False,True,30,False,md4_task1._one_contrast_unstratified_within_timepoint,md_score,False,n<30 in at least one state,,,,,,,,,,,,,,,,,,,,,,,
a,GM00731,7,PartialReprog,Fibroblast,578,14,False,True,30,False,md4_task1._one_contrast_unstratified_within_timepoint,tgfb_score,False,n<30 in at least one state,,,,,,,,,,,,,,,,,,,,,,,
a,GM00731,7,PartialReprog,Fibroblast,578,14,False,True,30,False,md4_task1._one_contrast_unstratified_within_timepoint,age_up_minus_age_down,False,n<30 in at least one state,,,,,,,,,,,,,,,,,,,,,,,
a,GM00731,7,PartialReprog,Fibroblast,578,14,False,True,30,False,md4_task1._one_contrast_unstratified_within_timepoint,pluri_primary,False,n<30 in at least one state,,,,,,,,,,,,,,,,,,,,,,,
a,GM00731,10,PartialReprog,Fibroblast,31,1030,True,True,30,False,md4_task1._one_contrast_unstratified_within_timepoint,frozen_ruler,True,,200.0,200.0,20261016.0,20261020.0,cohens_d_pooled_nminus1,17.470404638055143,18.40180795739323,-0.931403319338088,17.65517494208818,18.42527882187052,-0.7701038797823401,-1.2831818356450844,0.004975124378109453,0.004975124378109453,0.0,0.004975124378109453,0.004975124378109453,-0.004759172190121674,True,-1.484095085279244,-0.49621715272053357,-1.8203162949789689,-0.15239219495341252
a,GM00731,10,PartialReprog,Fibroblast,31,1030,True,True,30,False,md4_task1._one_contrast_unstratified_within_timepoint,md_score,True,,200.0,200.0,20261016.0,20261020.0,cohens_d_pooled_nminus1,0.2970532506486446,0.43406913548062115,-0.13701588483197658,0.2909280333623373,0.4539072941208373,-0.1629792607585,-1.0091524212841425,0.004975124378109453,0.004975124378109453,0.0,0.004975124378109453,0.004975124378109453,-0.003382022943183266,True,-0.20674014035091678,-0.07454627691480009,-0.2235226384099136,-0.08555141810391399
a,GM00731,10,PartialReprog,Fibroblast,31,1030,True,True,30,False,md4_task1._one_contrast_unstratified_within_timepoint,tgfb_score,True,,200.0,200.0,20261016.0,20261020.0,cohens_d_pooled_nminus1,-0.013108657542171208,-0.009001191136580418,-0.004107466405590791,-0.02287743195886799,-0.01225336861026241,-0.010624063348605578,-0.05381853285720995,0.40298507462686567,0.7313432835820896,80.0,0.29850746268656714,0.5472636815920398,-0.0005498256991966618,False,-0.037705788825139246,0.02539385470340949,-0.04316306484247531,0.022674992842571337
a,GM00731,10,PartialReprog,Fibroblast,31,1030,True,True,30,False,md4_task1._one_contrast_unstratified_within_timepoint,age_up_minus_age_down,True,,200.0,200.0,20261016.0,20261020.0,cohens_d_pooled_nminus1,-0.031384248887897016,-0.02875172694026564,-0.002632521947631375,-0.033187526974653894,-0.019204535967856706,-0.013982991006797188,-0.04415175581622318,0.4129353233830846,0.8009950248756219,82.0,0.14925373134328357,0.23383084577114427,-1.3506914864035158e-06,False,-0.013379857267330627,0.00936271746096225,-0.0215132861754892,0.004525922943985546
a,GM00731,10,PartialReprog,Fibroblast,31,1030,True,True,30,False,md4_task1._one_contrast_unstratified_within_timepoint,pluri_primary,True,,200.0,200.0,20261016.0,20261020.0,cohens_d_pooled_nminus1,10.09959682098361,8.85812378627354,1.2414730347100704,9.897967704614034,8.681300528451008,1.2166671761630266,1.351243663591647,1.0,0.004975124378109453,200.0,1.0,0.004975124378109453,0.02497724960234038,False,0.6726385239019518,1.8886142009873323,0.45931252490466434,2.027865296455244
a,GM23815,0,PartialReprog,Fibroblast,9,7703,False,True,30,False,md4_task1._one_contrast_unstratified_within_timepoint,frozen_ruler,False,n<30 in at least one state,,,,,,,,,,,,,,,,,,,,,,,
a,GM23815,0,PartialReprog,Fibroblast,9,7703,False,True,30,False,md4_task1._one_contrast_unstratified_within_timepoint,md_score,False,n<30 in at least one state,,,,,,,,,,,,,,,,,,,,,,,
a,GM23815,0,PartialReprog,Fibroblast,9,7703,False,True,30,False,md4_task1._one_contrast_unstratified_within_timepoint,tgfb_score,False,n<30 in at least one state,,,,,,,,,,,,,,,,,,,,,,,
a,GM23815,0,PartialReprog,Fibroblast,9,7703,False,True,30,False,md4_task1._one_contrast_unstratified_within_timepoint,age_up_minus_age_down,False,n<30 in at least one state,,,,,,,,,,,,,,,,,,,,,,,
a,GM23815,0,PartialReprog,Fibroblast,9,7703,False,True,30,False,md4_task1._one_contrast_unstratified_within_timepoint,pluri_primary,False,n<30 in at least one state,,,,,,,,,,,,,,,,,,,,,,,
a,GM23815,3,PartialReprog,Fibroblast,6113,46,True,True,30,False,md4_task1._one_contrast_unstratified_within_timepoint,frozen_ruler,True,,200.0,200.0,20261946.0,20261950.0,cohens_d_pooled_nminus1,18.184443678303527,18.848800989488012,-0.6643573111844852,18.17555187499384,18.92852959136684,-0.7529777163729996,-1.1345691552224035,0.004975124378109453,0.004975124378109453,0.0,0.004975124378109453,0.004975124378109453,0.0016700308495369853,True,-0.857058592802441,-0.4633860976761407,-0.8930177349762378,-0.5337381424551864
a,GM23815,3,PartialReprog,Fibroblast,6113,46,True,True,30,False,md4_task1._one_contrast_unstratified_within_timepoint,md_score,True,,200.0,200.0,20261946.0,20261950.0,cohens_d_pooled_nminus1,0.08548552735282158,0.38536399767950796,-0.29987847032668635,0.06961919356855367,0.4001736811798725,-0.33055448761131884,-2.2158509134958058,0.004975124378109453,0.004975124378109453,0.0,0.004975124378109453,0.004975124378109453,-0.0027658010996463173,True,-0.32614060978476367,-0.262793771208766,-0.3550925274938962,-0.2882488206508603
a,GM23815,3,PartialReprog,Fibroblast,6113,46,True,True,30,False,md4_task1._one_contrast_unstratified_within_timepoint,tgfb_score,True,,200.0,200.0,20261946.0,20261950.0,cohens_d_pooled_nminus1,-0.03637135560947343,0.08115428401238967,-0.1175256396218631,-0.04269409342384134,0.08827317642920521,-0.13096726985304655,-1.1883322976431392,0.004975124378109453,0.004975124378109453,0.0,0.004975124378109453,0.004975124378109453,-0.0015257373518861687,True,-0.1426658667963418,-0.08956032366412366,-0.1667943132435724,-0.09717706846655252
a,GM23815,3,PartialReprog,Fibroblast,6113,46,True,True,30,False,md4_task1._one_contrast_unstratified_within_timepoint,age_up_minus_age_down,True,,200.0,200.0,20261946.0,20261950.0,cohens_d_pooled_nminus1,-0.1135183029572208,-0.04941103354633539,-0.06410726941088542,-0.1205426718543007,-0.05347659548199944,-0.06706607637230126,-1.3041889622312766,0.004975124378109453,0.004975124378109453,0.0,0.004975124378109453,0.004975124378109453,-0.00011684694009316682,True,-0.07917374012117573,-0.052396185420061976,-0.0827567449813564,-0.051725094349242294
a,GM23815,3,PartialReprog,Fibroblast,6113,46,True,True,30,False,md4_task1._one_contrast_unstratified_within_timepoint,pluri_primary,True,,200.0,200.0,20261946.0,20261950.0,cohens_d_pooled_nminus1,12.174889045104834,10.345084667964231,1.8298043771406025,12.117790010641254,9.937797826843827,2.1799921837974274,1.394056252164136,1.0,0.004975124378109453,200.0,1.0,0.004975124378109453,0.01939040522401836,False,1.4749649094127044,2.1348366422853813,1.980468599180853,2.352991238929875
a,GM23815,7,PartialReprog,Fibroblast,309,2233,True,True,30,False,md4_task1._one_contrast_unstratified_within_timepoint,frozen_ruler,True,,200.0,200.0,20261986.0,20261990.0,cohens_d_pooled_nminus1,18.54381170001908,18.65344769176609,-0.10963599174700889,18.559233178513253,18.654598360315088,-0.09536518180183506,-0.17682718606618064,0.004975124378109453,0.009950248756218905,0.0,0.004975124378109453,0.01990049751243781,0.001190915655866931,True,-0.18719380709292768,-0.020218768968710946,-0.17314725524273814,-0.004774899468472855
a,GM23815,7,PartialReprog,Fibroblast,309,2233,True,True,30,False,md4_task1._one_contrast_unstratified_within_timepoint,md_score,True,,200.0,200.0,20261986.0,20261990.0,cohens_d_pooled_nminus1,0.17388252521164688,0.4096546870473384,-0.2357721618356915,0.19267380083034574,0.40865839502437074,-0.215984594194025,-2.420975098758663,0.004975124378109453,0.004975124378109453,0.0,0.004975124378109453,0.004975124378109453,-0.0003703046527524234,True,-0.2552452073548262,-0.21785504087875207,-0.23860452914525046,-0.19365026435013263
a,GM23815,7,PartialReprog,Fibroblast,309,2233,True,True,30,False,md4_task1._one_contrast_unstratified_within_timepoint,tgfb_score,True,,200.0,200.0,20261986.0,20261990.0,cohens_d_pooled_nminus1,-0.05835459738723276,-0.014759170692460848,-0.04359542669477191,-0.06505958938791823,-0.018787307586162094,-0.04627228180175613,-0.5274386049217576,0.004975124378109453,0.004975124378109453,0.0,0.004975124378109453,0.004975124378109453,0.00016344128429287945,True,-0.053291465449602886,-0.03095216708762471,-0.05918194734067154,-0.032247175372974245
a,GM23815,7,PartialReprog,Fibroblast,309,2233,True,True,30,False,md4_task1._one_contrast_unstratified_within_timepoint,age_up_minus_age_down,True,,200.0,200.0,20261986.0,20261990.0,cohens_d_pooled_nminus1,-0.04737823160429939,0.008346983221493002,-0.05572521482579239,-0.047353748640516224,0.013151730809641132,-0.06050547945015736,-1.171211040303416,0.004975124378109453,0.004975124378109453,0.0,0.004975124378109453,0.004975124378109453,9.269438091041632e-05,True,-0.06206171876555335,-0.04883804251864559,-0.06776474289416906,-0.05402629752228255
a,GM23815,7,PartialReprog,Fibroblast,309,2233,True,True,30,False,md4_task1._one_contrast_unstratified_within_timepoint,pluri_primary,True,,200.0,200.0,20261986.0,20261990.0,cohens_d_pooled_nminus1,11.409194164828387,9.618042407218338,1.7911517576100486,10.775379093872678,9.558685219521996,1.2166938743506819,2.221779562750616,1.0,0.004975124378109453,200.0,1.0,0.004975124378109453,-0.000147467580417171,False,1.6419469827625897,1.9724730010166434,1.0440503523299325,1.630656412676291
a,GM23815,10,PartialReprog,Fibroblast,50,1373,True,True,30,False,md4_task1._one_contrast_unstratified_within_timepoint,frozen_ruler,True,,200.0,200.0,20262016.0,20262020.0,cohens_d_pooled_nminus1,18.419878724458645,18.894272696605587,-0.4743939721469417,18.548667699910297,18.911743934207255,-0.36307623429695823,-0.9545810171291685,0.004975124378109453,0.004975124378109453,0.0,0.004975124378109453,0.004975124378109453,0.000981387283042423,True,-0.7385709442181172,-0.2387513850221406,-0.6298204905203657,-0.09678403550324402
a,GM23815,10,PartialReprog,Fibroblast,50,1373,True,True,30,False,md4_task1._one_contrast_unstratified_within_timepoint,md_score,True,,200.0,200.0,20262016.0,20262020.0,cohens_d_pooled_nminus1,0.12820072148568729,0.37948396353061775,-0.25128324204493047,0.14393090407514478,0.38230934930746974,-0.23837844523232496,-2.5514397494328436,0.004975124378109453,0.004975124378109453,0.0,0.004975124378109453,0.004975124378109453,0.003394395531475969,True,-0.2892907346838625,-0.21048449942087513,-0.3075478229413993,-0.20939558821912327
a,GM23815,10,PartialReprog,Fibroblast,50,1373,True,True,30,False,md4_task1._one_contrast_unstratified_within_timepoint,tgfb_score,True,,200.0,200.0,20262016.0,20262020.0,cohens_d_pooled_nminus1,-0.043199478309768,0.036614499349740294,-0.07981397765950829,-0.05671455023406037,0.036152103912378275,-0.09286665414643865,-1.023575661595331,0.004975124378109453,0.004975124378109453,0.0,0.004975124378109453,0.004975124378109453,-0.0004718320218277776,True,-0.10771402950148773,-0.051750365517677296,-0.12676164531646253,-0.04434812554237597
a,GM23815,10,PartialReprog,Fibroblast,50,1373,True,True,30,False,md4_task1._one_contrast_unstratified_within_timepoint,age_up_minus_age_down,True,,200.0,200.0,20262016.0,20262020.0,cohens_d_pooled_nminus1,-0.06889003323846508,-0.03569291755466769,-0.03319711568379739,-0.06773630442427997,-0.0252001974717522,-0.04253610695252777,-0.5825223888408261,0.004975124378109453,0.004975124378109453,0.0,0.004975124378109453,0.004975124378109453,0.0002304195846778538,True,-0.0537092891361546,-0.011469089523023224,-0.08609612119717308,-0.008921747472100372
a,GM23815,10,PartialReprog,Fibroblast,50,1373,True,True,30,False,md4_task1._one_contrast_unstratified_within_timepoint,pluri_primary,True,,200.0,200.0,20262016.0,20262020.0,cohens_d_pooled_nminus1,12.018981012008304,9.68049255149017,2.3384884605181337,11.133356894167392,9.65175836775345,1.4815985264139417,3.8677492544354215,1.0,0.004975124378109453,200.0,1.0,0.004975124378109453,-0.02840210072677074,False,1.8552881921649464,2.8371543517734046,1.218174037512975,3.4629900437594703
