cell_line,day,label,n_cells,age_score,nn_euclidean,mahalanobis_pca,pca_k,age_source,source,recomputed
GM00731,0,NonReprog,65,-0.0773299598706249,670.7509959393645,26.97062005972447,50,TMM_log2CPM_frozen_ruler_state_timepoint_per_donor,<repo>\results\md4\t2_extrap.csv,False
GM00731,0,Fibroblast,4939,5.253201262074223,465.6168418458013,24.4114821145919,50,TMM_log2CPM_frozen_ruler_state_timepoint_per_donor,<repo>\results\md4\t2_extrap.csv,False
GM00731,3,NonReprog,348,8.122337985371201,476.7539810387922,22.041846323904384,50,TMM_log2CPM_frozen_ruler_state_timepoint_per_donor,<repo>\results\md4\t2_extrap.csv,False
GM00731,3,PartialReprog,5220,2.337082588192541,479.0166682087341,23.98206692445265,50,TMM_log2CPM_frozen_ruler_state_timepoint_per_donor,<repo>\results\md4\t2_extrap.csv,False
GM00731,7,NonReprog,1932,7.015190650767913,470.2590533426351,24.099937407155583,50,TMM_log2CPM_frozen_ruler_state_timepoint_per_donor,<repo>\results\md4\t2_extrap.csv,False
GM00731,7,PartialReprog,578,4.736901386796915,468.98236205642655,23.157783228017298,50,TMM_log2CPM_frozen_ruler_state_timepoint_per_donor,<repo>\results\md4\t2_extrap.csv,False
GM00731,10,NonReprog,3114,9.473743550281094,485.3654633093839,24.011506159955417,50,TMM_log2CPM_frozen_ruler_state_timepoint_per_donor,<repo>\results\md4\t2_extrap.csv,False
GM00731,10,Fibroblast,1030,7.873476538211273,474.1543631396453,24.29404041497146,50,TMM_log2CPM_frozen_ruler_state_timepoint_per_donor,<repo>\results\md4\t2_extrap.csv,False
GM00731,10,PartialReprog,31,4.932696568498596,709.0053141746633,31.00769026713461,50,TMM_log2CPM_frozen_ruler_state_timepoint_per_donor,<repo>\results\md4\t2_extrap.csv,False
GM23815,0,Fibroblast,7703,0.2410502970688123,449.2367806012487,23.053522503193285,50,TMM_log2CPM_frozen_ruler_state_timepoint_per_donor,<repo>\results\md4\t2_extrap.csv,False
GM23815,3,Fibroblast,46,5.94689343567231,593.6991412984038,25.4435777034048,50,TMM_log2CPM_frozen_ruler_state_timepoint_per_donor,<repo>\results\md4\t2_extrap.csv,False
GM23815,3,PartialReprog,6113,-2.95189652344047,455.37895531403495,23.013722558394186,50,TMM_log2CPM_frozen_ruler_state_timepoint_per_donor,<repo>\results\md4\t2_extrap.csv,False
GM23815,7,Fibroblast,2233,-1.8165577352857336,465.8745065460032,23.736675319539582,50,TMM_log2CPM_frozen_ruler_state_timepoint_per_donor,<repo>\results\md4\t2_extrap.csv,False
GM23815,7,PartialReprog,309,-2.808832391112931,482.40342606030094,24.24003613108427,50,TMM_log2CPM_frozen_ruler_state_timepoint_per_donor,<repo>\results\md4\t2_extrap.csv,False
GM23815,10,NonReprog,1794,2.866055481419029,480.9573295228275,24.439752070452837,50,TMM_log2CPM_frozen_ruler_state_timepoint_per_donor,<repo>\results\md4\t2_extrap.csv,False
GM23815,10,Fibroblast,1373,0.180596373315148,468.4088219921571,24.71554154882695,50,TMM_log2CPM_frozen_ruler_state_timepoint_per_donor,<repo>\results\md4\t2_extrap.csv,False
GM23815,10,PartialReprog,50,-1.2080931493791007,566.5372611865951,26.409744369361107,50,TMM_log2CPM_frozen_ruler_state_timepoint_per_donor,<repo>\results\md4\t2_extrap.csv,False
