cell_line,day,label,n_cells,n_timepoint,frac_timepoint,ge50
GM00731,0,Fibroblast,4939,5009,0.9860251547215013,True
GM00731,0,PartialReprog,3,5009,0.0005989219405070872,False
GM00731,0,EarlyPluripotency,2,5009,0.0003992812936713915,False
GM00731,0,Pluripotency,0,5009,0.0,False
GM00731,0,NonReprog,65,5009,0.012976642044320223,True
GM00731,3,Fibroblast,5,5988,0.0008350033400133601,False
GM00731,3,PartialReprog,5220,5988,0.8717434869739479,True
GM00731,3,EarlyPluripotency,410,5988,0.06847027388109553,True
GM00731,3,Pluripotency,5,5988,0.0008350033400133601,False
GM00731,3,NonReprog,348,5988,0.05811623246492986,True
GM00731,7,Fibroblast,14,6795,0.0020603384841795438,False
GM00731,7,PartialReprog,578,6795,0.08506254598969831,True
GM00731,7,EarlyPluripotency,3917,6795,0.5764532744665195,True
GM00731,7,Pluripotency,354,6795,0.052097130242825605,True
GM00731,7,NonReprog,1932,6795,0.284326710816777,True
GM00731,10,Fibroblast,1030,4340,0.23732718894009217,True
GM00731,10,PartialReprog,31,4340,0.007142857142857143,False
GM00731,10,EarlyPluripotency,85,4340,0.019585253456221197,True
GM00731,10,Pluripotency,80,4340,0.018433179723502304,True
GM00731,10,NonReprog,3114,4340,0.7175115207373272,True
GM23815,0,Fibroblast,7703,7768,0.9916323377960865,True
GM23815,0,PartialReprog,9,7768,0.0011585993820803296,False
GM23815,0,EarlyPluripotency,56,7768,0.007209062821833162,True
GM23815,0,Pluripotency,0,7768,0.0,False
GM23815,0,NonReprog,0,7768,0.0,False
GM23815,3,Fibroblast,46,6576,0.006995133819951338,False
GM23815,3,PartialReprog,6113,6576,0.9295924574209246,True
GM23815,3,EarlyPluripotency,316,6576,0.04805352798053528,True
GM23815,3,Pluripotency,91,6576,0.013838199513381996,True
GM23815,3,NonReprog,10,6576,0.0015206812652068127,False
GM23815,7,Fibroblast,2233,11699,0.1908710146166339,True
GM23815,7,PartialReprog,309,11699,0.026412513890076074,True
GM23815,7,EarlyPluripotency,8172,11699,0.6985212411317206,True
GM23815,7,Pluripotency,977,11699,0.08351141123172921,True
GM23815,7,NonReprog,8,11699,0.0006838191298401573,False
GM23815,10,Fibroblast,1373,7815,0.17568777991042867,True
GM23815,10,PartialReprog,50,7815,0.006397952655150352,True
GM23815,10,EarlyPluripotency,4417,7815,0.565195137555982,True
GM23815,10,Pluripotency,181,7815,0.023160588611644273,True
GM23815,10,NonReprog,1794,7815,0.22955854126679462,True
