celltype,n,intercept,slope,ok
GABAergic neuron,179,51.35195533800835,2.1944398599012027,True
L2/3 intratelencephalic projecting glutamatergic neuron,220,52.72727282905827,3.0312803023581187,True
L2/3-6 intratelencephalic projecting glutamatergic neuron,215,52.446511773379726,2.7974028123022014,True
L5/6 near-projecting glutamatergic neuron,124,50.91935495396493,1.501297276667277,True
L6 corticothalamic-projecting glutamatergic cortical neuron,153,52.95424855332696,1.7083740418136817,True
L6 intratelencephalic projecting glutamatergic neuron,150,53.060000245343524,2.1023680959714777,True
L6b glutamatergic neuron of the primary motor cortex,109,49.889908476610806,1.5840421657159305,True
VIP GABAergic interneuron,217,52.566820284196,2.933330976532514,True
astrocyte,229,52.759825249110044,2.7168771097196553,True
endothelial cell,160,48.743749966875555,1.2273980509598537,True
lamp5 GABAergic interneuron,205,52.336585420808134,2.4551141534470426,True
microglial cell,219,52.71689492855781,1.7105450563848934,True
oligodendrocyte,232,52.594827481498434,3.3690953071804137,True
oligodendrocyte precursor cell,232,52.7155171917262,2.384926747717399,True
pericyte,136,48.36029408263968,0.9840769405952378,True
perivascular macrophage,31,45.41226336473989,0.5002538072479039,True
pvalb GABAergic interneuron,209,52.382775127184296,3.0739283518801908,True
smooth muscle cell,16,44.40314253998797,0.29929155209918357,True
sst GABAergic interneuron,206,51.94660198495259,2.4500155652633024,True
vascular leptomeningeal cell,81,47.25925926591166,0.888589401197953,True
