celltype,n,r,rho,r2,cal_r2,ok
L2/3-6 intratelencephalic projecting glutamatergic neuron,26,0.921485296098602,0.5668888666621356,-1.0750470234361957,0.8491351509259283,True
VIP GABAergic interneuron,26,0.9093479365533612,0.520457969011713,-1.6934642751282332,0.8269136697138557,True
lamp5 GABAergic interneuron,26,0.908269835864956,0.4657486942608275,-0.6650901001307026,0.8249540947421541,True
microglial cell,24,0.8767388536620733,0.31501848804972404,-0.06191610306308193,0.7686710175206862,True
oligodendrocyte,24,0.8674237446746084,0.5203845230319926,-0.6128591907133631,0.7524239528253203,True
oligodendrocyte precursor cell,24,0.8426172921530607,0.291787036128653,-0.25183978204262636,0.7100039010353567,True
pvalb GABAergic interneuron,26,0.8962015826663857,0.47762636575279604,-0.21979348020587852,0.8031772767737344,True
sst GABAergic interneuron,26,0.8633829445554149,0.49418311995372194,-1.847922862368347,0.7454301089491786,True
vascular leptomeningeal cell,21,0.6054615353770535,0.47348640346065013,-4.413074415081283,0.3665836708211392,True
