modality,perturbation,n_cells,R_rej,R_rej_p,n_genes,cos,rank_R_rej,rank_cos_g,n_in_modality,published_table1_R_rej
CRA,CRA_ALX1,56,-0.04824741154510229,2.5717268490442972e-20,36601,0.02653239770611379,78.0,81.0,167.0,
CRA,CRA_ARID5A,68,-0.010358234041936684,0.04751737379475159,36601,0.02064608893555966,98.0,84.0,167.0,
CRA,CRA_ARNTL2,97,-0.12172024068586489,8.058924231495347e-121,36601,0.09931021522027825,28.0,31.0,167.0,
CRA,CRA_ARX,112,-0.13729172444063364,1.7864969755352328e-153,36601,0.1463527133274561,24.0,15.0,167.0,
CRA,CRA_ATF4,37,-0.026823137821837983,2.860910648343283e-07,36601,0.009789927265778566,89.0,93.0,167.0,
CRA,CRA_ATF7,50,-0.06469938056145878,2.943897244141792e-35,36601,0.04980449692713028,59.0,60.0,167.0,
CRA,CRA_ATG3,94,-0.09682304167299016,5.988459052052178e-77,36601,0.07774381906965394,41.0,44.0,167.0,
CRA,CRA_ATG4C,37,-0.06254563256566648,4.68052694185928e-33,36601,0.03720390348491803,64.0,71.0,167.0,
CRA,CRA_ATG4D,50,0.10219813676401097,1.469342494804912e-85,36601,-0.1079181832508636,157.0,158.0,167.0,
CRA,CRA_ATG5,63,0.009782746936043443,0.06126803945501902,36601,-0.03567664053886692,107.0,125.0,167.0,
CRA,CRA_BATF3,85,-0.0349700732436059,2.2002273772350957e-11,36601,0.020593059311627387,87.0,85.0,167.0,
CRA,CRA_BRCA1,76,-0.1321131497555493,3.641437260763486e-142,36601,0.10921099605548491,25.0,26.0,167.0,
CRA,CRA_BSX,51,-0.07632477774913138,2.0089429800319185e-48,36601,0.04057332837546682,52.0,67.0,167.0,
CRA,CRA_CDX1,98,-0.050935283410431915,1.8333987667759903e-22,36601,0.04104422958194625,76.0,66.0,167.0,
CRA,CRA_CDX2,49,0.023208289787571505,8.97441306193274e-06,36601,-0.052662903992914255,123.0,134.0,167.0,
CRA,CRA_CEBPA,63,-0.06552444113752624,4.036144560395467e-36,36601,0.06634074134925831,58.0,47.0,167.0,
CRA,CRA_CEBPB,54,-0.010852825878205468,0.037867466873519724,36601,0.0007186942683175756,97.0,97.0,167.0,
CRA,CRA_CEBPZ,65,0.09161618117256383,4.664985460933485e-69,36601,-0.09073523854356053,154.0,149.0,167.0,
CRA,CRA_CPEB1,115,0.044188365516843325,2.7272626905089912e-17,36601,-0.03512551492228924,139.0,123.0,167.0,
CRA,CRA_CREB1,60,-0.06410253929859107,1.220082863403678e-34,36601,0.03388416333036979,61.0,76.0,167.0,
CRA,CRA_CREB3L1,119,0.09081176615689891,7.058292433726574e-68,36601,-0.12298366327048793,153.0,162.0,167.0,
CRA,CRA_CTCF,69,0.032098948954057675,8.131081093126105e-10,36601,-0.050241863852965175,126.0,133.0,167.0,
CRA,CRA_CTCFL,59,0.03475775719547131,2.902710533931472e-11,36601,-0.04931203611376785,131.0,132.0,167.0,
CRA,CRA_DLX2,115,-0.04672218780196006,3.781241463503495e-19,36601,0.048240665920047616,79.0,61.0,167.0,
CRA,CRA_DLX4,63,0.08257499393893515,2.117686436245083e-56,36601,-0.08734799835882591,151.0,148.0,167.0,
CRA,CRA_DLX5,39,-0.009574532843369541,0.06699308296002546,36601,-0.009323188238697265,100.0,103.0,167.0,
CRA,CRA_DLX6,89,-0.27785917371020724,0.0,36601,0.24500344873269775,2.0,2.0,167.0,
CRA,CRA_DNMT1,52,-0.03823008720480348,2.5476689593460455e-13,36601,0.02491044699555271,84.0,82.0,167.0,
CRA,CRA_DRGX,33,-0.14855683246521625,1.2355443388717071e-179,36601,0.13289351023308144,19.0,20.0,167.0,
CRA,CRA_E2F1,54,-0.013579842311658735,0.009375665579262745,36601,-0.020376382674261104,95.0,111.0,167.0,
CRA,CRA_E2F3,128,-0.2809089293905073,0.0,36601,0.24794842317290935,1.0,1.0,167.0,-0.53
CRA,CRA_E2F4,66,-0.02274044451441938,1.355324936246613e-05,36601,-0.01172756622819668,91.0,105.0,167.0,
CRA,CRA_E2F5,54,0.033082962492134535,2.4397793940085333e-10,36601,-0.015307455075786833,129.0,108.0,167.0,
CRA,CRA_E2F7,44,0.085665897019535,1.4053918875867357e-60,36601,-0.09124496357519792,152.0,150.0,167.0,
CRA,CRA_EGR1,34,0.13780094553492753,1.305085137032927e-154,36601,-0.110586432677323,164.0,160.0,167.0,
CRA,CRA_EOMES,30,0.09929393039040245,7.548716758934389e-81,36601,-0.10917302875962208,156.0,159.0,167.0,
CRA,CRA_ETS2,119,-0.1427437677042093,7.221487992660729e-166,36601,0.12375463503333928,22.0,23.0,167.0,
CRA,CRA_ETV5,68,0.03398511354607332,7.848269471740377e-11,36601,-0.06276751970482614,130.0,138.0,167.0,
CRA,CRA_EZH2,107,-0.20297679394214646,0.0,36601,0.197268811884924,9.0,6.0,167.0,-0.36
CRA,CRA_FERD3L,83,0.00985966761739959,0.05925821990088936,36601,-0.020755206939429942,108.0,113.0,167.0,
CRA,CRA_FLI1,34,-0.059707880234665896,2.868566453708975e-30,36601,0.04715930089263667,66.0,62.0,167.0,
CRA,CRA_FOSL1,149,-0.22152690600251793,0.0,36601,0.1937737794113998,5.0,7.0,167.0,
CRA,CRA_FOXA2,54,-0.013966031600049285,0.00754153192384815,36601,0.022295913275994568,94.0,83.0,167.0,
CRA,CRA_FOXA3,92,-0.07525191767950304,4.063791047600982e-47,36601,0.0885178864216253,53.0,39.0,167.0,
CRA,CRA_FOXB2,118,-0.05093120708299259,1.8475646985311923e-22,36601,0.03648433110534643,77.0,72.0,167.0,
CRA,CRA_FOXC1,99,-0.061112989615626855,1.240419746089562e-31,36601,0.042723520435912814,65.0,64.0,167.0,
CRA,CRA_FOXD2,82,-0.07420389643778597,7.358248573853866e-46,36601,0.06041867979952915,54.0,49.0,167.0,
CRA,CRA_FOXF2,33,0.13172444234094652,2.466217658381551e-141,36601,-0.12547646292034206,163.0,163.0,167.0,
CRA,CRA_FOXI1,65,0.03621145414202762,4.2146666723089795e-12,36601,-0.03393464025652542,133.0,122.0,167.0,
CRA,CRA_FOXM1,38,-0.23188244603910613,0.0,36601,0.18952457527868716,4.0,8.0,167.0,
CRA,CRA_FOXO3,47,0.03751006012617892,7.049272618812406e-13,36601,-0.04236590600614044,135.0,126.0,167.0,
CRA,CRA_FOXO4,76,0.028413373461495042,5.4250659357141994e-08,36601,-0.01743024149627592,125.0,109.0,167.0,
CRA,CRA_FOXP1,30,0.010817818175057206,0.03849088488978645,36601,-0.0178209142003954,110.0,110.0,167.0,
CRA,CRA_GABARAPL1,88,0.0655030156366918,4.251224588831983e-36,36601,-0.10023135242088418,143.0,156.0,167.0,
CRA,CRA_GATA1,55,0.0005155523812345638,0.9214328726016093,36601,0.012591596062350633,105.0,91.0,167.0,
CRA,CRA_GATA3,85,-0.14237124529282622,5.264692133255064e-165,36601,0.15182828987184985,23.0,14.0,167.0,
CRA,CRA_GATA5,83,-0.08400727215806159,2.564619881303055e-58,36601,0.07400624899207249,48.0,45.0,167.0,
CRA,CRA_GSX2,53,-0.019974110559941506,0.0001326019322432762,36601,0.00463023300984202,93.0,94.0,167.0,
CRA,CRA_HINFP,40,-0.02586184137185192,7.48307168906836e-07,36601,0.012012351548061809,90.0,92.0,167.0,
CRA,CRA_HMGB1,42,0.1540553576244872,3.4863755829857566e-193,36601,-0.14072258931258871,165.0,165.0,167.0,
CRA,CRA_HMGB2,35,0.0719014057047466,3.700151016328417e-43,36601,-0.09402433499421092,147.0,151.0,167.0,
CRA,CRA_HNF1B,43,-0.05252381301659591,8.720476522360116e-24,36601,0.03817307517508368,75.0,70.0,167.0,
CRA,CRA_HOXA1,94,0.03245517980793248,5.279939916010448e-10,36601,-0.033401593700572094,127.0,121.0,167.0,
CRA,CRA_HOXA2,80,-0.02974230587901675,1.2616405687691202e-08,36601,0.03488881708879403,88.0,74.0,167.0,
CRA,CRA_HOXA6,96,-0.05410883574807597,3.8089825308759027e-25,36601,0.044561354443441385,72.0,63.0,167.0,
CRA,CRA_HOXB13,153,-0.05595116411380353,8.915818376899722e-27,36601,0.05529561595983268,70.0,53.0,167.0,
CRA,CRA_HOXB7,102,-0.05407557557569035,4.0714739175013354e-25,36601,0.034401984178611324,73.0,75.0,167.0,
CRA,CRA_HOXB9,77,-0.1103941313580347,1.3419870112395699e-99,36601,0.05759724889128494,33.0,51.0,167.0,
CRA,CRA_HOXC10,31,0.02281905355452157,1.2653033151697673e-05,36601,-0.055621994950750195,122.0,135.0,167.0,
CRA,CRA_HOXC5,70,-0.11189441064990552,2.743796661436391e-102,36601,0.09400921009072329,32.0,35.0,167.0,
CRA,CRA_HOXD11,30,-0.009600170282317194,0.06626521487870553,36601,0.002271910851294289,99.0,96.0,167.0,
CRA,CRA_HOXD3,100,-0.13155933188411564,5.548127719560672e-141,36601,0.11288302563602436,26.0,25.0,167.0,
CRA,CRA_HSF1,49,0.06918341983841786,4.441953548237401e-40,36601,-0.09501310160072912,146.0,152.0,167.0,
CRA,CRA_HSF2,121,-0.14725129903871187,1.7119863137963178e-176,36601,0.1293199665827159,20.0,21.0,167.0,
CRA,CRA_HSF4,37,-0.07213157785601484,2.004461614801249e-43,36601,0.04215298317930533,55.0,65.0,167.0,
CRA,CRA_HSPA8,56,-0.05676336135769487,1.6373208185811395e-27,36601,0.03886123227412494,69.0,69.0,167.0,
CRA,CRA_IRF4,89,-0.10137547743571422,3.277246030836349e-84,36601,0.10374972649964717,38.0,28.0,167.0,
CRA,CRA_IRF5,41,-0.0396096582517841,3.4397844124662364e-14,36601,0.018584016686653885,82.0,86.0,167.0,
CRA,CRA_IRF7,44,0.01788493359584391,0.0006220969981325,36601,-0.013409118939441746,115.0,106.0,167.0,
CRA,CRA_JUND,118,-0.15492729773333355,2.2204383559571767e-195,36601,0.1603237161354642,17.0,11.0,167.0,
CRA,CRA_KLF3,61,0.044925430784451145,8.047942553038475e-18,36601,-0.031614101523712024,140.0,119.0,167.0,
CRA,CRA_KLF6,37,0.018695920247821,0.0003475874777170159,36601,-0.05858412694324364,118.0,137.0,167.0,
CRA,CRA_LCOR,62,-0.0789408345239807,1.0984743077320159e-51,36601,0.03504777553935407,50.0,73.0,167.0,
CRA,CRA_LHX1,62,-0.0039971089243308255,0.44446250693322287,36601,-0.004349558759931148,101.0,99.0,167.0,
CRA,CRA_LHX5,115,-0.04406269854106472,3.351517996079662e-17,36601,0.02771960759440582,80.0,80.0,167.0,
CRA,CRA_MAZ,52,0.11514114595966247,3.0994772945436957e-108,36601,-0.10482689167667952,160.0,157.0,167.0,
CRA,CRA_MEF2A,98,0.015077223971532251,0.003919764711899268,36601,-0.013456418792693832,113.0,107.0,167.0,
CRA,CRA_MEF2C,67,-0.1845559395720607,8.742994682644446e-278,36601,0.15559478266858165,11.0,12.0,167.0,
CRA,CRA_MITF,48,-0.05905143461154887,1.2138253707180362e-29,36601,0.039434795020420466,67.0,68.0,167.0,
CRA,CRA_MRRF,53,-0.02158542531282809,3.628712965284752e-05,36601,0.017468277024228956,92.0,87.0,167.0,
CRA,CRA_MXD3,100,-0.10803382222412464,1.922590155718635e-95,36601,0.09079502075102065,35.0,38.0,167.0,
CRA,CRA_MYB,62,0.00213949441503197,0.6823184418754086,36601,0.002289731794711315,106.0,95.0,167.0,
CRA,CRA_MYBL2,61,0.018514733628225616,0.000396641865719635,36601,-0.006285801303232192,116.0,101.0,167.0,
CRA,CRA_MYC,187,-0.20960319642794342,0.0,36601,0.21825346467188825,8.0,4.0,167.0,
CRA,CRA_NFATC4,38,-0.12119503354884344,8.654899310022414e-120,36601,0.10787677569384864,30.0,27.0,167.0,
CRA,CRA_NFIL3,32,-0.012061968848940794,0.02101988217546379,36601,-0.03003081381470246,96.0,117.0,167.0,
CRA,CRA_NFKB1,49,0.09437682626493925,3.4655126662344806e-73,36601,-0.09823885515298782,155.0,154.0,167.0,
CRA,CRA_NFKB2,120,-0.06284930704485436,2.3141701406604708e-33,36601,0.05477790138714849,63.0,54.0,167.0,
CRA,CRA_NKX1-1,91,-0.09140786972491707,9.449155308200537e-69,36601,0.07786168418690913,44.0,43.0,167.0,
CRA,CRA_NKX2-2,84,-0.08918317230562885,1.604034047386519e-65,36601,0.05227506117643293,45.0,56.0,167.0,
CRA,CRA_NOBOX,74,-0.09351506280206422,6.950421547777332e-72,36601,0.09431029553772034,42.0,34.0,167.0,
CRA,CRA_NPAS3,66,0.036452580229601086,3.0377917183075805e-12,36601,-0.027848660487686056,134.0,115.0,167.0,
CRA,CRA_NR0B1,83,0.173020735559003,6.823137182088842e-244,36601,-0.17582905357083387,167.0,167.0,167.0,
CRA,CRA_NR4A2,61,-0.08813684819630585,4.9715991103236925e-64,36601,0.053055443711211445,46.0,55.0,167.0,
CRA,CRA_NRF1,51,0.014279469429789157,0.006296898051512029,36601,-0.04738047470858035,112.0,129.0,167.0,
CRA,CRA_ONECUT1,40,0.1078945645705177,3.359213716587232e-95,36601,-0.1185347324053826,158.0,161.0,167.0,
CRA,CRA_PARP1,72,0.01690886993166749,0.001216332502748509,36601,-0.029809688450145547,114.0,116.0,167.0,
CRA,CRA_PAX2,71,-0.08556235970284473,1.9509864902409596e-60,36601,0.07382508181276004,47.0,46.0,167.0,
CRA,CRA_PAX4,86,-0.0002866800687826637,0.9562627432007348,36601,-5.7322088490200266e-06,103.0,98.0,167.0,
CRA,CRA_PAX8,90,-0.035637587687010135,9.110488822965866e-12,36601,0.015718729244955123,86.0,89.0,167.0,
CRA,CRA_PBX2,31,-0.04094171080339074,4.661072866732151e-15,36601,0.017430756563779008,81.0,88.0,167.0,
CRA,CRA_PGR,106,-0.06796082634057543,9.864495651705814e-39,36601,0.05184700042856904,56.0,57.0,167.0,
CRA,CRA_PHOX2B,30,-0.03852520387923409,1.6696658441412502e-13,36601,0.013853121586565677,83.0,90.0,167.0,
CRA,CRA_PLAU,53,-0.12795724122009086,2.054188928756429e-133,36601,0.09578979988217164,27.0,32.0,167.0,
CRA,CRA_POU2F1,72,-0.1152826485813616,1.6909966540201376e-108,36601,0.09565026302147368,31.0,33.0,167.0,
CRA,CRA_POU3F2,61,-0.09712258294277394,2.0412584925305593e-77,36601,0.10160810973697235,40.0,30.0,167.0,
CRA,CRA_POU5F1,61,0.11930212304762455,4.122085830524226e-116,36601,-0.09951368432668176,161.0,155.0,167.0,
CRA,CRA_PPARG,64,-0.0646401203970277,3.3922313314273073e-35,36601,0.050611025355076875,60.0,59.0,167.0,
CRA,CRA_PPARGC1A,40,-0.18364638953277274,4.9973433855404854e-275,36601,0.1355070149831064,12.0,19.0,167.0,
CRA,CRA_PPARGC1B,142,-0.09326779777140123,1.6346763812471478e-71,36601,0.05099425455145445,43.0,58.0,167.0,
CRA,CRA_PRKRIR,68,-0.10215421099884149,1.7354002808866496e-85,36601,0.07791882704260461,37.0,42.0,167.0,
CRA,CRA_RXRB,34,-0.06706624830066743,9.207450190136183e-38,36601,0.05999598945073859,57.0,50.0,167.0,
CRA,CRA_SALL4,71,-0.16350390470150986,1.1308197473712662e-217,36601,0.13669073045195249,16.0,18.0,167.0,
CRA,CRA_SIM1,106,-0.057909409044920326,1.4378013605896233e-28,36601,0.056789140031022325,68.0,52.0,167.0,
CRA,CRA_SIM2,105,-0.17934676041468972,3.4303128329156657e-262,36601,0.14082989507982985,13.0,17.0,167.0,
CRA,CRA_SIRT1,52,-0.11029475856823921,2.016394871750431e-99,36601,0.08689026440940494,34.0,40.0,167.0,
CRA,CRA_SOX10,82,0.07437021198677621,4.6595155287911396e-46,36601,-0.07526981156283215,149.0,142.0,167.0,
CRA,CRA_SOX11,56,0.019898728399710915,0.0001405776005037281,36601,-0.03545630466311631,119.0,124.0,167.0,
CRA,CRA_SOX15,140,-0.253397921667575,0.0,36601,0.24283983020040548,3.0,3.0,167.0,
CRA,CRA_SOX7,59,-0.14323227314565237,5.293203865827474e-167,36601,0.12446760933143448,21.0,22.0,167.0,
CRA,CRA_SOX9,66,0.03906123474732148,7.687935317695773e-14,36601,-0.08178030872670765,136.0,146.0,167.0,
CRA,CRA_SP1,57,-0.10645021684876743,1.0497045099704444e-92,36601,0.09398142905172686,36.0,36.0,167.0,
CRA,CRA_SREBF1,80,-0.000211490811867989,0.9677265987635111,36601,-0.02171622205739675,104.0,114.0,167.0,
CRA,CRA_SRY,35,0.12323262582610234,8.163696352203407e-124,36601,-0.09504674728762118,162.0,153.0,167.0,
CRA,CRA_STAT1,49,-0.002340466602147342,0.6543343081799297,36601,-0.03249822801504962,102.0,120.0,167.0,
CRA,CRA_STAT4,43,-0.21036495265092217,0.0,36601,0.17079266680399857,7.0,9.0,167.0,
CRA,CRA_TBX3,30,-0.06292445339052798,1.942991627625317e-33,36601,0.0320668266206139,62.0,79.0,167.0,
CRA,CRA_TCF3,37,-0.17530884248721282,1.9767643454542072e-250,36601,0.10327287088723948,14.0,29.0,167.0,
CRA,CRA_TEAD3,119,-0.12133882199357303,4.523339792895251e-120,36601,0.11556656301778631,29.0,24.0,167.0,
CRA,CRA_TFAM,54,0.01992650181558729,0.0001375879184530916,36601,-0.056354030757422215,120.0,136.0,167.0,
CRA,CRA_TFAP2A,58,0.06748405046351846,3.255951257279329e-38,36601,-0.06951979233881095,144.0,141.0,167.0,
CRA,CRA_TFCP2,120,-0.08204937956865266,1.0494981050247686e-55,36601,0.07896988110461736,49.0,41.0,167.0,
CRA,CRA_TFDP1,48,0.01852881703146747,0.00039260850371230187,36601,-0.02047313420734933,117.0,112.0,167.0,
CRA,CRA_TFE3,82,0.033047702176108945,2.5488534267754064e-10,36601,-0.06558469729750875,128.0,139.0,167.0,
CRA,CRA_TFEB,61,-0.17401147574564876,1.0333095390445139e-246,36601,0.15421362330926708,15.0,13.0,167.0,
CRA,CRA_THRA,50,0.020333317482574675,0.00010011412604694852,36601,-0.005809037169658038,121.0,100.0,167.0,
CRA,CRA_TLX2,140,-0.1538019128337162,1.5074014817135635e-192,36601,0.1441520227748841,18.0,16.0,167.0,
CRA,CRA_TWIST1,62,0.058305879184013976,6.128567070208765e-29,36601,-0.07755361443664373,141.0,144.0,167.0,
CRA,CRA_VAX1,79,-0.21511983786953867,0.0,36601,0.20014650262775938,6.0,5.0,167.0,
CRA,CRA_VEZF1,93,-0.05518719562059185,4.2943965768873367e-26,36601,0.033382069178948974,71.0,77.0,167.0,
CRA,CRA_XBP1,42,0.02360190434656663,6.306429542188525e-06,36601,-0.04748276277445951,124.0,130.0,167.0,
CRA,CRA_XRCC5,100,0.11224328816327007,6.421608543925811e-103,36601,-0.13769256978943567,159.0,164.0,167.0,
CRA,CRA_ZBTB2,66,0.15649655765534395,2.2995274059065165e-199,36601,-0.14939373098182404,166.0,166.0,167.0,
CRA,CRA_ZBTB7C,35,0.07450951811665327,3.1753385344334443e-46,36601,-0.08245233526903833,150.0,147.0,167.0,
CRA,CRA_ZFHX3,36,-0.07655131825887795,1.0588544389147904e-48,36601,0.09103004670372176,51.0,37.0,167.0,
CRA,CRA_ZFX,51,-0.18641162732139682,1.8681651744308183e-283,36601,0.16282927550381474,10.0,10.0,167.0,
CRA,CRA_ZIC3,84,0.035286817129448735,1.4508869637302885e-11,36601,-0.04765417651270938,132.0,131.0,167.0,
CRA,CRA_ZKSCAN3,60,0.07194528310165668,3.292574617614384e-43,36601,-0.0775650475884016,148.0,145.0,167.0,
CRA,CRA_ZKSCAN4,39,-0.03641920463481633,3.179037960969464e-12,36601,-0.006686000185507537,85.0,102.0,167.0,
CRA,CRA_ZNF219,31,-0.0537540249442386,7.7384725549373205e-25,36601,0.032976358661816405,74.0,78.0,167.0,
CRA,CRA_ZNF263,36,0.06897684477016315,7.529524445751324e-40,36601,-0.076993317755439,145.0,143.0,167.0,
CRA,CRA_ZNF281,61,-0.0997635653741498,1.3348936042470686e-81,36601,0.0634211632578053,39.0,48.0,167.0,
CRA,CRA_ZNF318,101,0.012073613566902447,0.020896175915891525,36601,-0.011223015514054392,111.0,104.0,167.0,
CRA,CRA_ZNF35,88,0.05856571170484321,3.493755494057497e-29,36601,-0.06905841294812982,142.0,140.0,167.0,
CRA,CRA_ZNF367,35,0.010132624309288797,0.052562835144926455,36601,-0.030089458627735922,109.0,118.0,167.0,
CRA,CRA_ZNF384,135,0.04398611579418421,3.7990101001709447e-17,36601,-0.04478822523702628,138.0,128.0,167.0,
CRA,CRA_ZNF695,54,0.04335309075317959,1.0617698992585464e-16,36601,-0.043384298499892386,137.0,127.0,167.0,
CRI,CRI_ALX1,82,-0.058929289720808686,1.5847812425841064e-29,36601,0.05261559337834245,91.0,94.0,173.0,
CRI,CRI_APOD,74,-0.1468365788306026,1.6804982132508696e-175,36601,0.13418590378585044,55.0,51.0,173.0,
CRI,CRI_ARID5A,72,-0.17097076885350299,4.11392803151029e-238,36601,0.17249732459795294,36.0,33.0,173.0,
CRI,CRI_ARNTL2,95,0.08732213814531965,7.004470146937192e-63,36601,-0.10359133476645131,152.0,158.0,173.0,
CRI,CRI_ARX,65,-0.042357855768497765,5.188179354865678e-16,36601,0.04199133196962261,96.0,104.0,173.0,
CRI,CRI_ATF4,73,-0.2578702529432872,0.0,36601,0.23212210609755227,9.0,13.0,173.0,
CRI,CRI_ATF7,97,-0.1609558548013042,6.43009512423099e-211,36601,0.12851903576797463,44.0,56.0,173.0,
CRI,CRI_ATG3,98,-0.0004080564392366557,0.9377769869176751,36601,-0.008800757659211334,124.0,122.0,173.0,
CRI,CRI_ATG4C,80,-0.15336723116298087,1.8459920285604685e-191,36601,0.13434450985775834,50.0,50.0,173.0,
CRI,CRI_ATG4D,37,-0.03530357049804524,1.4191396104103622e-11,36601,0.050217033439793064,104.0,98.0,173.0,
CRI,CRI_ATG5,65,-0.2687956245081357,0.0,36601,0.25942608257624983,6.0,5.0,173.0,
CRI,CRI_BATF3,31,-0.005887342643351595,0.2600378612442564,36601,-0.03181654279260863,121.0,136.0,173.0,
CRI,CRI_BSX,98,-0.24083195141620872,0.0,36601,0.21861180838610883,14.0,20.0,173.0,
CRI,CRI_CDX1,146,-0.16395903746203475,6.840555108641907e-219,36601,0.1756524653209379,43.0,30.0,173.0,
CRI,CRI_CDX2,46,-0.16744179674303566,2.478648365115169e-228,36601,0.1825676999751775,39.0,25.0,173.0,
CRI,CRI_CEBPA,49,-0.14833191123618744,4.316889243048512e-179,36601,0.12630019649909008,52.0,58.0,173.0,
CRI,CRI_CEBPB,59,0.11459820434492024,3.1470531159563084e-107,36601,-0.14237339505614138,161.0,165.0,173.0,
CRI,CRI_CPEB1,66,-0.023469417587628872,7.105937502705444e-06,36601,0.05240674095995942,113.0,95.0,173.0,
CRI,CRI_CREB1,68,-0.002632199689522906,0.614570603996957,36601,-0.01563376512853331,123.0,126.0,173.0,
CRI,CRI_CREB3L1,73,-0.0777809763384043,3.1675416933329258e-50,36601,0.07507385705288634,83.0,82.0,173.0,
CRI,CRI_CTCFL,68,-0.28124624061408815,0.0,36601,0.27721376478772425,4.0,3.0,173.0,
CRI,CRI_DLX4,89,-0.1895601688449673,3.2485102399527727e-293,36601,0.17527703485529408,30.0,31.0,173.0,
CRI,CRI_DLX6,87,-0.0328211634965771,3.372220476583619e-10,36601,0.054839038601954895,107.0,92.0,173.0,
CRI,CRI_DNMT1,58,0.22754475836162008,0.0,36601,-0.22407338786128023,171.0,171.0,173.0,
CRI,CRI_DRGX,35,0.1771636343360866,8.494577467827498e-256,36601,-0.18766867382682648,169.0,170.0,173.0,
CRI,CRI_DUXA,55,-0.15726928636854526,2.4210019583013333e-201,36601,0.1359061608334917,46.0,47.0,173.0,
CRI,CRI_E2F1,84,-0.13304931763435635,3.548855857681155e-144,36601,0.13308758977215981,61.0,53.0,173.0,
CRI,CRI_E2F3,74,-0.03925265066014271,5.813506681270012e-14,36601,0.03768204407347134,100.0,106.0,173.0,
CRI,CRI_E2F4,194,0.04868823473925838,1.1640165549854662e-20,36601,-0.05041655217635612,144.0,147.0,173.0,
CRI,CRI_E2F5,72,-0.23059186635977863,0.0,36601,0.22533081338182015,18.0,15.0,173.0,
CRI,CRI_E2F7,99,0.09023597956453071,4.8614044673011314e-67,36601,-0.12554344989209498,153.0,163.0,173.0,
CRI,CRI_EGR1,70,-0.2788018402039372,0.0,36601,0.24881149055517007,5.0,6.0,173.0,
CRI,CRI_EGR2,55,-0.2048141030190364,0.0,36601,0.17833479475484212,28.0,29.0,173.0,
CRI,CRI_EOMES,155,-0.165100231915954,5.81629620355751e-222,36601,0.15751843207951058,42.0,35.0,173.0,
CRI,CRI_ESX1,45,-0.055388893715151315,2.8415239227944666e-26,36601,0.08075247951520872,94.0,78.0,173.0,
CRI,CRI_ETS1,31,-0.02464668778899928,2.407525830280182e-06,36601,0.024962260338629076,110.0,110.0,173.0,
CRI,CRI_ETS2,44,-0.0934998289396507,7.326944786910662e-72,36601,0.0907434684803969,75.0,73.0,173.0,
CRI,CRI_ETV5,107,-0.12693218634141518,2.672145499114164e-131,36601,0.10787634925091079,63.0,65.0,173.0,
CRI,CRI_EZH2,86,0.2558742167958103,0.0,36601,-0.22858827773968313,172.0,172.0,173.0,
CRI,CRI_FERD3L,89,-0.2969330725089676,0.0,36601,0.2743294274518315,3.0,4.0,173.0,
CRI,CRI_FLI1,60,-0.040960523070207415,4.5292552554078875e-15,36601,0.05548115882952508,97.0,91.0,173.0,
CRI,CRI_FOSL1,46,0.07079833622333259,6.79583426311732e-42,36601,-0.046687012507305115,148.0,146.0,173.0,
CRI,CRI_FOXA3,79,-0.2509641495418758,0.0,36601,0.22347623439848913,11.0,18.0,173.0,
CRI,CRI_FOXB2,106,-0.20964275818611436,0.0,36601,0.19768643495597257,27.0,23.0,173.0,
CRI,CRI_FOXC1,39,-0.10883077396915668,7.777110208957739e-97,36601,0.09186136985818523,69.0,71.0,173.0,
CRI,CRI_FOXD2,58,-0.10506885149416056,2.371831591199406e-90,36601,0.05136416179753568,70.0,97.0,173.0,
CRI,CRI_FOXF2,52,0.12857721217495813,1.0602870305627247e-134,36601,-0.12535035388565424,163.0,162.0,173.0,
CRI,CRI_FOXI1,48,-0.0642810626118499,7.985347804979693e-35,36601,0.06580633735545388,87.0,86.0,173.0,
CRI,CRI_FOXO4,59,-0.02403991346297976,4.231471866097525e-06,36601,-0.011995453637378604,111.0,123.0,173.0,
CRI,CRI_FOXP1,64,-0.15508711114013551,8.760928596282387e-196,36601,0.13477097234530797,48.0,49.0,173.0,
CRI,CRI_FOXP2,125,-0.2271008918321281,0.0,36601,0.2400522662724831,19.0,9.0,173.0,
CRI,CRI_FOXS1,101,-0.12768830066055026,7.396670674996895e-133,36601,0.12536977745887415,62.0,60.0,173.0,
CRI,CRI_GABARAPL1,58,0.14478670196081847,1.2178953452431584e-170,36601,-0.11435238821648251,166.0,160.0,173.0,
CRI,CRI_GATA1,54,-0.26021105373671755,0.0,36601,0.23681308910019355,7.0,11.0,173.0,
CRI,CRI_GATA2,70,-0.2208650064866489,0.0,36601,0.1942706449869211,21.0,24.0,173.0,
CRI,CRI_GATA3,56,0.07528426901274751,3.7138287473587007e-47,36601,-0.043704973952063034,150.0,144.0,173.0,
CRI,CRI_GATA5,58,0.159592776988777,2.376423086159754e-207,36601,-0.14741752566523883,168.0,166.0,173.0,
CRI,CRI_GSX2,83,-0.15519492379045322,4.675566537198678e-196,36601,0.13370934015203387,47.0,52.0,173.0,
CRI,CRI_HMGB1,92,-0.22171006386875372,0.0,36601,0.21637062772313537,20.0,21.0,173.0,
CRI,CRI_HMGB2,42,-0.06052735145611644,4.63384703820964e-31,36601,0.05305591775765626,89.0,93.0,173.0,
CRI,CRI_HNF1B,41,-0.08895833896676154,3.366334620850736e-65,36601,0.0904791311157072,76.0,74.0,173.0,
CRI,CRI_HOXA1,33,-0.11851271019824436,1.3532556605863356e-114,36601,0.09201873566172401,65.0,70.0,173.0,
CRI,CRI_HOXA13,38,-0.17571866030673888,1.3041166427892229e-251,36601,0.13136990398376755,33.0,55.0,173.0,
CRI,CRI_HOXA2,50,-0.06578900388552361,2.122980729036797e-36,36601,0.06482089010192356,86.0,88.0,173.0,
CRI,CRI_HOXA6,120,-0.019875006882851196,0.0001431794550764999,36601,0.008536476491584975,114.0,115.0,173.0,
CRI,CRI_HOXB13,47,-0.07120228357386811,2.3529943507817183e-42,36601,0.04068339224573794,85.0,105.0,173.0,
CRI,CRI_HOXB4,114,-0.039576056086470864,3.614661319801928e-14,36601,0.008265336280644053,98.0,116.0,173.0,
CRI,CRI_HOXC5,33,-0.07168857872967575,6.51061774940321e-43,36601,0.0667120859442957,84.0,85.0,173.0,
CRI,CRI_HOXD11,52,-0.220564509435894,0.0,36601,0.18084073276144164,22.0,26.0,173.0,
CRI,CRI_HSF1,89,-0.011254985699403225,0.03130063708900098,36601,-0.002693882232857032,118.0,120.0,173.0,
CRI,CRI_HSF2,49,0.10950754298508623,5.007641472652842e-98,36601,-0.093241823983485,159.0,156.0,173.0,
CRI,CRI_HSF4,31,0.041651625585775766,1.5647964574540082e-15,36601,-0.0330985637288716,139.0,137.0,173.0,
CRI,CRI_IRF4,46,0.002371279372220229,0.6500852250500134,36601,0.005727337485891291,125.0,117.0,173.0,
CRI,CRI_IRF5,87,-0.008034160278269559,0.12428873742023953,36601,0.03247548077523631,120.0,107.0,173.0,
CRI,CRI_IRF7,49,-0.03705205534935236,1.3337271671853463e-12,36601,0.02384464716367046,103.0,111.0,173.0,
CRI,CRI_JUN,35,-0.023712817456251003,5.704008590087082e-06,36601,0.027210299223546477,112.0,108.0,173.0,
CRI,CRI_JUND,69,-0.06038884601005356,6.316981343257764e-31,36601,0.05218332699638746,90.0,96.0,173.0,
CRI,CRI_KLF3,75,-0.08516018355109733,6.949625961387248e-60,36601,0.09381163769233175,78.0,69.0,173.0,
CRI,CRI_KLF4,38,-0.058157352707543145,8.440921620957552e-29,36601,0.06733045813046272,93.0,84.0,173.0,
CRI,CRI_KLF6,140,0.016484623287513583,0.0016113531715313057,36601,-0.03635275808573414,130.0,140.0,173.0,
CRI,CRI_LCOR,99,-0.24941103493169414,0.0,36601,0.24572257847533205,13.0,7.0,173.0,
CRI,CRI_LHX1,90,-0.06408835781743936,1.2618031265715855e-34,36601,0.07928031401044812,88.0,79.0,173.0,
CRI,CRI_LHX5,94,0.027364172951479027,1.6414048362070968e-07,36601,-0.02645948263140666,133.0,133.0,173.0,
CRI,CRI_MAZ,88,-0.21635875400556792,0.0,36601,0.22795698589515231,25.0,14.0,173.0,
CRI,CRI_MEF2A,35,0.07119520419949553,2.3972650884218447e-42,36601,-0.06399329542722867,149.0,148.0,173.0,
CRI,CRI_MITF,50,-0.21740780108895932,0.0,36601,0.17862193593002115,24.0,28.0,173.0,
CRI,CRI_MRRF,75,-0.21182634325720157,0.0,36601,0.15450972767845567,26.0,39.0,173.0,
CRI,CRI_MXD3,44,-0.09647560502606636,2.0779630871248707e-76,36601,0.09103179315021032,73.0,72.0,173.0,
CRI,CRI_MYB,45,0.003282944860162959,0.5299691192118994,36601,0.026830054613560386,126.0,109.0,173.0,
CRI,CRI_MYBL2,55,0.027461630508384797,1.4834450949031205e-07,36601,-0.03642264121098175,134.0,141.0,173.0,
CRI,CRI_MYC,121,-0.058202539595718666,7.658241536274677e-29,36601,0.058159166329240085,92.0,90.0,173.0,
CRI,CRI_NFATC2,45,-0.13534098026847383,3.6722775963287597e-149,36601,0.12217143162555094,60.0,61.0,173.0,
CRI,CRI_NFE2L2,91,-0.14935295140288143,1.4517149633720101e-181,36601,0.1566317324366359,51.0,36.0,173.0,
CRI,CRI_NFIA,50,-0.13992360925780176,2.146810300806208e-159,36601,0.11734944465700756,58.0,63.0,173.0,
CRI,CRI_NFIL3,40,0.2825416707814505,0.0,36601,-0.28401660465538775,173.0,173.0,173.0,
CRI,CRI_NFKB1,70,-0.017368892764882588,0.0008903978494418619,36601,-0.0012338781520377614,115.0,119.0,173.0,
CRI,CRI_NFKB2,37,0.018451953180989654,0.0004150970483909407,36601,-0.013006086939870643,131.0,124.0,173.0,
CRI,CRI_NKX1-1,39,0.03860787786143524,1.4824325015877702e-13,36601,-0.016915983090160795,138.0,129.0,173.0,
CRI,CRI_NKX2-2,46,0.12611090951172316,1.2827703208241056e-129,36601,-0.16108129852075254,162.0,167.0,173.0,
CRI,CRI_NOBOX,30,0.042705109147754126,2.994958786768048e-16,36601,-0.029660029166125243,140.0,135.0,173.0,
CRI,CRI_NPAS1,43,-0.16681190385839606,1.309785451366452e-226,36601,0.12614643691952743,41.0,59.0,173.0,
CRI,CRI_NPAS3,49,0.013500557062908342,0.009798126503410089,36601,-0.01602519986231292,129.0,127.0,173.0,
CRI,CRI_NR0B1,31,0.11217977331428297,8.367902041707101e-103,36601,-0.07968333204004809,160.0,152.0,173.0,
CRI,CRI_NR4A1,58,-0.17488873271667904,3.1857058528734987e-249,36601,0.120441745290353,34.0,62.0,173.0,
CRI,CRI_NR4A2,82,0.013045528873279217,0.012566929951654534,36601,-0.02779357421691411,128.0,134.0,173.0,
CRI,CRI_NRF1,48,-0.07900009593859213,9.238769939127837e-52,36601,0.0783893416445354,81.0,81.0,173.0,
CRI,CRI_ONECUT1,86,-0.1138061459830045,9.07107550204249e-106,36601,0.11260154729438783,66.0,64.0,173.0,
CRI,CRI_PARP1,81,-0.14690815591645356,1.1335647581571801e-175,36601,0.1542688150406068,54.0,40.0,173.0,
CRI,CRI_PAX2,66,0.055668051768423966,1.600497784262295e-26,36601,-0.02087129600739253,145.0,130.0,173.0,
CRI,CRI_PAX4,100,-0.038958078417231826,8.93263540104331e-14,36601,0.04759894519771749,101.0,99.0,173.0,
CRI,CRI_PAX8,109,-0.16721883260042875,1.0113148114715161e-227,36601,0.17289091481131125,40.0,32.0,173.0,
CRI,CRI_PBX2,73,-0.01647862752747427,0.0016176989540302219,36601,0.01613207535674665,117.0,113.0,173.0,
CRI,CRI_PGR,89,-0.25179980067191315,0.0,36601,0.21973303413588027,10.0,19.0,173.0,
CRI,CRI_PHOX2A,58,0.044317533422976535,2.2052552565692107e-17,36601,-0.03930214571583611,141.0,142.0,173.0,
CRI,CRI_PHOX2B,60,-0.09480610259577883,7.701251833438061e-74,36601,0.10582819177344484,74.0,66.0,173.0,
CRI,CRI_PLAU,49,-0.16026833463697648,4.0898773208498736e-209,36601,0.13551137864117527,45.0,48.0,173.0,
CRI,CRI_POU3F2,35,0.09481413959998065,7.486920938750328e-74,36601,-0.09263104769634777,154.0,155.0,173.0,
CRI,CRI_POU5F1,31,0.10564989724967208,2.4475036756217093e-91,36601,-0.13771555556955875,158.0,164.0,173.0,
CRI,CRI_PPARG,51,-0.16866951904078598,1.0381006513471931e-231,36601,0.15176351292053655,38.0,42.0,173.0,
CRI,CRI_PPARGC1B,65,-0.07892976802947967,1.1345456378777256e-51,36601,0.042342927202610264,82.0,103.0,173.0,
CRI,CRI_PRKRIR,48,0.09799256899111836,8.790987539212882e-79,36601,-0.07467633394579377,156.0,149.0,173.0,
CRI,CRI_RXRB,36,-0.23128070692974834,0.0,36601,0.22514663573577803,16.0,16.0,173.0,
CRI,CRI_SALL4,45,-0.0393438644034506,5.086271415006745e-14,36601,0.05834669498260639,99.0,89.0,173.0,
CRI,CRI_SIM1,87,-0.2593167551452884,0.0,36601,0.2396436550094174,8.0,10.0,173.0,
CRI,CRI_SIM2,49,0.10255962051963385,3.725024506379348e-86,36601,-0.08017307705575512,157.0,153.0,173.0,
CRI,CRI_SIRT1,42,0.0580978739876466,9.593287061656968e-29,36601,-0.04644177632632366,147.0,145.0,173.0,
CRI,CRI_SOX10,32,-0.14758927457756132,2.6482969366425896e-177,36601,0.1273836259834211,53.0,57.0,173.0,
CRI,CRI_SOX11,94,-0.016758300764666452,0.0013449526160271427,36601,-0.022090203095831092,116.0,131.0,173.0,
CRI,CRI_SOX15,71,-0.09911303014497987,1.468053440427247e-80,36601,0.09903290135492046,72.0,68.0,173.0,
CRI,CRI_SOX17,91,-0.11011488213723447,4.209597343788372e-99,36601,0.10331669692974343,68.0,67.0,173.0,
CRI,CRI_SOX2,125,-0.24969642867554662,0.0,36601,0.23623538503304195,12.0,12.0,173.0,
CRI,CRI_SOX5,73,-0.14669751393080105,3.609145933896545e-175,36601,0.15462347478291052,56.0,38.0,173.0,
CRI,CRI_SOX7,73,-0.17872639844747087,2.294495979374795e-260,36601,0.15108471837519907,32.0,44.0,173.0,
CRI,CRI_SOX9,113,-0.21994092457799128,0.0,36601,0.21315026376256507,23.0,22.0,173.0,
CRI,CRI_SP1,98,0.14069055730210558,3.843024985281037e-161,36601,-0.16765717443979244,165.0,168.0,173.0,
CRI,CRI_SREBF1,45,-0.11328188942197023,8.282599527074361e-105,36601,0.08426763766784827,67.0,77.0,173.0,
CRI,CRI_SREBF2,45,-0.0031989718949941006,0.5405454432481231,36601,-0.000655016921662991,122.0,118.0,173.0,
CRI,CRI_SRY,35,0.036491582888584125,2.880516836778232e-12,36601,-0.02296069532122827,137.0,132.0,173.0,
CRI,CRI_STAT1,80,-0.00859534867257852,0.1000969697297715,36601,0.010537837321231659,119.0,114.0,173.0,
CRI,CRI_STAT3,96,-0.1548712170415503,3.076559849475894e-195,36601,0.15464906276414606,49.0,37.0,173.0,-0.41
CRI,CRI_STAT4,66,0.034423764526182475,4.473807747393647e-11,36601,-0.04016711206280214,135.0,143.0,173.0,
CRI,CRI_TBX3,78,0.0821698403213747,7.278933754762998e-56,36601,-0.08831435809217533,151.0,154.0,173.0,
CRI,CRI_TCF3,95,-0.034858420998616156,2.5458776217924645e-11,36601,0.04473758852170114,106.0,102.0,173.0,
CRI,CRI_TEAD3,33,-0.035110793528654136,1.8294556886969197e-11,36601,0.045931905029858736,105.0,100.0,173.0,
CRI,CRI_TFAM,88,-0.19509105135332547,8.748240785683e-311,36601,0.16342573699078028,29.0,34.0,173.0,
CRI,CRI_TFAP2A,31,-0.08555327799926866,2.0078972421123024e-60,36601,0.08685952146027622,77.0,75.0,173.0,
CRI,CRI_TFCP2,42,0.0452717927401626,4.504479366904665e-18,36601,-0.07485097868657359,142.0,150.0,173.0,
CRI,CRI_TFDP1,55,0.018573226198537435,0.0003801396511741847,36601,-0.016246023996945715,132.0,128.0,173.0,
CRI,CRI_TFE3,37,0.04830986412229106,2.299529006830446e-20,36601,-0.034432026963821034,143.0,139.0,173.0,
CRI,CRI_TFEB,77,-0.23097221402025495,0.0,36601,0.22472227238907644,17.0,17.0,173.0,
CRI,CRI_TFEC,33,-0.10054223091914191,7.412542970617593e-83,36601,0.0856821528965843,71.0,76.0,173.0,
CRI,CRI_THRA,63,-0.12455383541421418,1.840425374564092e-126,36601,0.1323405183264909,64.0,54.0,173.0,
CRI,CRI_TLX2,76,-0.18281189220960326,1.6425446833760774e-272,36601,0.18070545119253043,31.0,27.0,173.0,
CRI,CRI_TWIST1,76,-0.17349066513950642,3.1524042777097683e-245,36601,0.14635518673448075,35.0,46.0,173.0,
CRI,CRI_VAX1,110,-0.027338555360508332,1.6855532891982732e-07,36601,-0.013829083880550989,109.0,125.0,173.0,
CRI,CRI_VEZF1,97,-0.2396983984912449,0.0,36601,0.24007525142050926,15.0,8.0,173.0,
CRI,CRI_XBP1,56,0.010376717666618006,0.04712269794969781,36601,-0.007917372779699313,127.0,121.0,173.0,
CRI,CRI_XRCC5,73,-0.13767943198911614,2.4389386710622863e-154,36601,0.1500188903988624,59.0,45.0,173.0,
CRI,CRI_ZBTB2,110,-0.052516714871495,8.841779850271725e-24,36601,0.07022945968549742,95.0,83.0,173.0,
CRI,CRI_ZBTB7A,44,-0.1691161155120497,6.039473915375451e-233,36601,0.15222881986368747,37.0,41.0,173.0,
CRI,CRI_ZBTB7B,46,0.15090096387017382,2.38959920759164e-185,36601,-0.12315884902611163,167.0,161.0,173.0,
CRI,CRI_ZBTB7C,65,0.03456806495276801,3.712966958033581e-11,36601,-0.03432793864245472,136.0,138.0,173.0,
CRI,CRI_ZFHX3,121,-0.3520925355721303,0.0,36601,0.3425252209854319,2.0,1.0,173.0,
CRI,CRI_ZFX,157,-0.35530223525825205,0.0,36601,0.31647883559358847,1.0,2.0,173.0,-0.51
CRI,CRI_ZKSCAN3,116,0.05649609224032166,2.86745675900443e-27,36601,-0.07825510731450416,146.0,151.0,173.0,
CRI,CRI_ZKSCAN4,52,-0.03767776833612963,5.570835164162929e-13,36601,0.022236539398289148,102.0,112.0,173.0,
CRI,CRI_ZNF219,33,0.21934763560333093,0.0,36601,-0.18399276139261792,170.0,169.0,173.0,
CRI,CRI_ZNF263,54,0.1298675677519716,2.1171766834942562e-137,36601,-0.10726780980260647,164.0,159.0,173.0,
CRI,CRI_ZNF281,91,-0.1421204946355216,1.9988600338546092e-164,36601,0.15114643996054325,57.0,43.0,173.0,
CRI,CRI_ZNF318,80,-0.08035031755660846,1.7276171789473134e-53,36601,0.06544982034859628,80.0,87.0,173.0,
CRI,CRI_ZNF35,80,-0.08226920576907239,5.3803025552022415e-56,36601,0.07853904809323585,79.0,80.0,173.0,
CRI,CRI_ZNF384,57,-0.02928767393653943,2.0928039120593695e-08,36601,0.04539629142019518,108.0,101.0,173.0,
CRI,CRI_ZNF695,41,0.09768319010490724,2.6988001825079765e-78,36601,-0.0987177646641753,155.0,157.0,173.0,
