sample,donor,age_years,age_source,n_cells,assay,age_score
Ahl-22-P1_Y,Ahl-22-P1_Y,22.0,h5ad_obs:development_stage,9243,10x 3' v2,0.09396665142521092
Ahl-22-P5_Y,Ahl-22-P5_Y,25.0,h5ad_obs:development_stage,3928,10x 3' v2,1.1232476283632804
Ahl-22-P3_Y,Ahl-22-P3_Y,29.0,h5ad_obs:development_stage,7572,10x 3' v2,1.1071326209688233
Boo-21-HC03,Boo-21-HC03,64.0,h5ad_obs:development_stage,2431,10x 3' v3,-5.552629533251435
Boo-21-HC01,Boo-21-HC01,66.0,h5ad_obs:development_stage,1235,10x 3' v3,-4.726944049726595
Boo-21-HC02,Boo-21-HC02,67.0,h5ad_obs:development_stage,1249,10x 3' v3,-3.0483966995230336
Bur-22-HC 1,Bur-22-HC 1,46.0,h5ad_obs:development_stage,1112,10x 3' v3,2.6591309356735238
Bur-22-HC 2,Bur-22-HC 2,79.0,h5ad_obs:development_stage,1475,10x 3' v3,5.336981923343799
Den-21-Scar_1,Den-21-Scar_1,39.0,h5ad_obs:development_stage,2378,10x 3' v3,1.1298373882373436
Den-21-Scar_2,Den-21-Scar_2,28.0,h5ad_obs:development_stage,2632,10x 3' v3,-0.07575476884739987
Den-21-Scar_3,Den-21-Scar_3,26.0,h5ad_obs:development_stage,973,10x 3' v3,1.1884337038692507
Gao-21-Ctrl1,Gao-21-Ctrl1,32.0,h5ad_obs:development_stage,569,10x 3' v3,-1.4353307348036732
Gao-21-Ctrl2,Gao-21-Ctrl2,23.0,h5ad_obs:development_stage,492,10x 3' v3,-2.044894147684277
Gao-21-Ctrl3,Gao-21-Ctrl3,47.0,h5ad_obs:development_stage,1038,10x 3' v3,-2.692823060423738
Gay-19-HC1,Gay-19-HC1,64.0,h5ad_obs:development_stage,356,10x 3' v2,3.279397399808491
Gay-19-HC2,Gay-19-HC2,64.0,h5ad_obs:development_stage,805,10x 3' v2,4.504445812348076
Gay-19-HC3,Gay-19-HC3,64.0,h5ad_obs:development_stage,964,10x 3' v2,3.1384012190338044
Gay-19-HC4,Gay-19-HC4,64.0,h5ad_obs:development_stage,515,10x 3' v2,3.5034356099539363
Liu-21-K012CTRL,Liu-21-K012CTRL,26.0,h5ad_obs:development_stage,400,10x 3' v3,-2.0269561895563344
Liu-21-K009CTRL,Liu-21-K009CTRL,32.0,h5ad_obs:development_stage,368,10x 3' v3,-0.08803315219904018
Liu-21-K007CTRL,Liu-21-K007CTRL,28.0,h5ad_obs:development_stage,420,10x 3' v3,-2.380704137114627
Liu-21-K013CTRL,Liu-21-K013CTRL,26.0,h5ad_obs:development_stage,82,10x 3' v3,-2.4820982472206907
Mar-21-HC,Mar-21-HC,48.0,h5ad_obs:development_stage,894,10x 3' v3,-1.353211389899676
Rey-21-SKN8104894,Rey-21-SKN8104894,42.0,h5ad_obs:development_stage,5,10x 3' v2,0.09593910204425646
Rey-21-SKN8104899,Rey-21-SKN8104899,42.0,h5ad_obs:development_stage,2899,10x 3' v2,-0.26324997012175366
Rey-21-SKN8104900,Rey-21-SKN8104900,42.0,h5ad_obs:development_stage,30,10x 3' v2,0.563362094726769
Rey-21-SKN8104901,Rey-21-SKN8104901,42.0,h5ad_obs:development_stage,16,10x 3' v2,-1.9955816361357779
Rey-21-SKN8104902,Rey-21-SKN8104902,42.0,h5ad_obs:development_stage,25,10x 3' v2,-0.72823905175901
Rey-21-SKN8105192,Rey-21-SKN8105192,42.0,h5ad_obs:development_stage,53,10x 3' v2,-4.817846732373606
Rey-21-SKN8105197,Rey-21-SKN8105197,42.0,h5ad_obs:development_stage,1428,10x 3' v2,-2.5139130158172174
Rey-21-SKN8105198,Rey-21-SKN8105198,42.0,h5ad_obs:development_stage,177,10x 3' v2,-3.219542462634728
Rey-21-SKN8105199,Rey-21-SKN8105199,42.0,h5ad_obs:development_stage,18,10x 3' v2,-5.34756671097247
Rey-21-SKN8105200,Rey-21-SKN8105200,42.0,h5ad_obs:development_stage,34,10x 3' v2,-4.212388015267953
Rey-21-4820STDY7388991,Rey-21-4820STDY7388991,42.0,h5ad_obs:development_stage,926,10x 3' v2,-3.538767704081672
Rey-21-4820STDY7388992,Rey-21-4820STDY7388992,42.0,h5ad_obs:development_stage,22,10x 3' v2,-4.3715026143909075
Rey-21-4820STDY7388993,Rey-21-4820STDY7388993,42.0,h5ad_obs:development_stage,22,10x 3' v2,-3.86785955542811
Rey-21-4820STDY7388994,Rey-21-4820STDY7388994,42.0,h5ad_obs:development_stage,5,10x 3' v2,-3.507698103338229
Rey-21-4820STDY7388996,Rey-21-4820STDY7388996,42.0,h5ad_obs:development_stage,2,10x 3' v2,-3.746994039997221
Rey-21-4820STDY7388999,Rey-21-4820STDY7388999,42.0,h5ad_obs:development_stage,917,10x 3' v2,-2.074244166345405
Rey-21-4820STDY7389000,Rey-21-4820STDY7389000,42.0,h5ad_obs:development_stage,172,10x 3' v2,-2.678919543803077
Rey-21-4820STDY7389001,Rey-21-4820STDY7389001,42.0,h5ad_obs:development_stage,34,10x 3' v2,-6.111241765506754
Rey-21-4820STDY7389002,Rey-21-4820STDY7389002,42.0,h5ad_obs:development_stage,91,10x 3' v2,-4.021175962635587
Rey-21-4820STDY7389007,Rey-21-4820STDY7389007,42.0,h5ad_obs:development_stage,422,10x 3' v2,-1.3537373109312356
Rey-21-4820STDY7389008,Rey-21-4820STDY7389008,42.0,h5ad_obs:development_stage,22,10x 3' v2,-0.6335560253093127
Rey-21-4820STDY7389009,Rey-21-4820STDY7389009,42.0,h5ad_obs:development_stage,5,10x 3' v2,-2.62506411406979
Rey-21-4820STDY7389010,Rey-21-4820STDY7389010,42.0,h5ad_obs:development_stage,2,10x 3' v2,-3.528541134934901
Rin-21-P115 HC,Rin-21-P115 HC,48.0,h5ad_obs:development_stage,715,10x 5' v1,1.9930861212157716
Rin-21-P121 HC,Rin-21-P121 HC,44.0,h5ad_obs:development_stage,716,10x 5' v1,3.2128922975721497
Rin-21-P112 HC,Rin-21-P112 HC,51.0,h5ad_obs:development_stage,562,10x 5' v1,2.130048109646441
Rin-21-P116 HC,Rin-21-P116 HC,57.0,h5ad_obs:development_stage,892,10x 5' v1,1.400370721323708
Sol-20-y1,Sol-20-y1,25.0,h5ad_obs:development_stage,1764,10x 3' v2,1.791268759944117
Sol-20-y2,Sol-20-y2,27.0,h5ad_obs:development_stage,975,10x 3' v2,0.9789397183603474
Tab-18-SC1control,Tab-18-SC1control,63.0,h5ad_obs:development_stage,294,10x 3' v1,3.1350980939386406
Tab-18-SC4control,Tab-18-SC4control,54.0,h5ad_obs:development_stage,305,10x 3' v1,3.4809588491388292
Tab-18-SC18control,Tab-18-SC18control,66.0,h5ad_obs:development_stage,543,10x 3' v1,3.7830941226173906
Tab-18-SC32control,Tab-18-SC32control,23.0,h5ad_obs:development_stage,694,10x 3' v1,0.5061650976855445
Tab-18-SC33control,Tab-18-SC33control,62.0,h5ad_obs:development_stage,857,10x 3' v1,4.110015677731562
Tab-18-SC34control,Tab-18-SC34control,24.0,h5ad_obs:development_stage,49,10x 3' v1,-1.011728828639983
Tab-21-T10_S5,Tab-21-T10_S5,33.0,h5ad_obs:development_stage,564,10x 3' v3,-3.6207900009855565
Tab-21-T10_S6,Tab-21-T10_S6,33.0,h5ad_obs:development_stage,607,10x 3' v3,-3.8129988940999358
Tab-21-T14_S17,Tab-21-T14_S17,59.0,h5ad_obs:development_stage,446,10x 3' v3,-4.790502993698479
Tab-21-T14_S18,Tab-21-T14_S18,59.0,h5ad_obs:development_stage,698,10x 3' v3,-3.741556171254493
The-.0-H1,The-.0-H1,56.0,h5ad_obs:development_stage,335,10x 3' v2,3.987305365210142
The-.0-H2,The-.0-H2,75.0,h5ad_obs:development_stage,298,10x 3' v2,3.2496899117559335
The-.0-H3,The-.0-H3,58.0,h5ad_obs:development_stage,479,10x 3' v2,3.7734566069831788
The-.0-H4,The-.0-H4,63.0,h5ad_obs:development_stage,973,10x 3' v2,4.048716682425375
The-.0-DM2,The-.0-DM2,65.0,h5ad_obs:development_stage,442,10x 3' v2,4.385983305591184
The-.0-DM3,The-.0-DM3,49.0,h5ad_obs:development_stage,206,10x 3' v2,6.259606202540076
The-.0-DM4,The-.0-DM4,53.0,h5ad_obs:development_stage,552,10x 3' v2,5.072325553229667
The-.0-G1,The-.0-G1,56.0,h5ad_obs:development_stage,1221,10x 3' v2,3.9959988343496793
The-.0-G10,The-.0-G10,59.0,h5ad_obs:development_stage,1338,10x 3' v2,3.6454878349405795
The-.0-G14,The-.0-G14,44.0,h5ad_obs:development_stage,1323,10x 3' v3,3.393431764185184
The-.0-G16,The-.0-G16,62.0,h5ad_obs:development_stage,404,10x 3' v3,2.6157004751577126
The-.0-G18,The-.0-G18,62.0,h5ad_obs:development_stage,851,10x 3' v3,3.0921955877584444
The-.0-G24,The-.0-G24,59.0,h5ad_obs:development_stage,593,10x 3' v3,3.1691249047277643
The-.0-G28,The-.0-G28,74.0,h5ad_obs:development_stage,155,10x 3' v3,3.225398617148778
The-.0-G29,The-.0-G29,74.0,h5ad_obs:development_stage,765,10x 3' v3,4.27163226046932
The-.0-G31,The-.0-G31,75.0,h5ad_obs:development_stage,561,10x 3' v3,2.6801451169038746
The-.0-G32,The-.0-G32,75.0,h5ad_obs:development_stage,842,10x 3' v3,2.2306063327994505
The-.0-G36,The-.0-G36,75.0,h5ad_obs:development_stage,1002,10x 3' v3,3.9205804491162617
The-.0-G40,The-.0-G40,34.0,h5ad_obs:development_stage,337,10x 3' v3,0.6714142073890901
The-.0-G43,The-.0-G43,68.0,h5ad_obs:development_stage,36,10x 3' v3,-0.28505073572559225
The-.0-G44,The-.0-G44,51.0,h5ad_obs:development_stage,263,10x 3' v3,1.259749482817163
The-.0-G50,The-.0-G50,66.0,h5ad_obs:development_stage,750,10x 3' v3,3.094710436873772
Vor-20-1,Vor-20-1,36.0,h5ad_obs:development_stage,49,10x 3' v2,-5.702284478738026
Vor-20-2,Vor-20-2,36.0,h5ad_obs:development_stage,980,10x 3' v2,1.722099987904614
Vor-20-3,Vor-20-3,36.0,h5ad_obs:development_stage,132,10x 3' v2,-0.7685222603216398
Vor-21-human_skin_2,Vor-21-human_skin_2,36.0,h5ad_obs:development_stage,1178,10x 3' v2,1.4385932063340858
Vor-21-human_skin_3,Vor-21-human_skin_3,43.0,h5ad_obs:development_stage,160,10x 3' v2,-0.17089340278585732
Xu-21-H04,Xu-21-H04,33.0,h5ad_obs:development_stage,414,10x 3' v2,2.0655274350585278
Xu-21-H05,Xu-21-H05,41.0,h5ad_obs:development_stage,37,10x 3' v2,2.8843766348005673
Xu-21-H03,Xu-21-H03,18.0,h5ad_obs:development_stage,37,10x 3' v2,1.1873499274362707
Xu-21-H02,Xu-21-H02,41.0,h5ad_obs:development_stage,6,10x 3' v2,-5.8133278982358005
