gsm,title,source_name,organism,molecule,description,characteristics,platform,supplementary,donor,age_years,age_source,char_keys
GSM3124560,14_1yr_Male_Asian,Skin; Foreskin,Homo sapiens,total RNA,fpkm.txt,cell id: AG08498; disease: Normal; Sex: Male; age: 1; ethnicity: Asian,GPL18573,,GSM3124560,1.0,Sample_characteristics_ch1:age,age;cell id;disease;ethnicity;sex
GSM3124561,15_12yr_Male_Caucasian,Skin; Unspecified,Homo sapiens,total RNA,fpkm.txt,cell id: AG16409; disease: Normal; Sex: Male; age: 12; ethnicity: Caucasian,GPL18573,,GSM3124561,12.0,Sample_characteristics_ch1:age,age;cell id;disease;ethnicity;sex
GSM3124562,16_24YR_Female_Caucasian,Skin; Arm,Homo sapiens,total RNA,fpkm.txt,cell id: AG11732; disease: Normal; Sex: Female; age: 24; ethnicity: Caucasian,GPL18573,,GSM3124562,24.0,Sample_characteristics_ch1:age,age;cell id;disease;ethnicity;sex
GSM3124563,17_25YR_Male_caucasian,Skin; Arm,Homo sapiens,total RNA,fpkm.txt,cell id: AG09975; disease: Normal; Sex: Male; age: 25; ethnicity: caucasian,GPL18573,,GSM3124563,25.0,Sample_characteristics_ch1:age,age;cell id;disease;ethnicity;sex
GSM3124564,18_25YR_Female_caucasian,Skin; Arm,Homo sapiens,total RNA,fpkm.txt,cell id: AG11735; disease: Normal; Sex: Female; age: 25; ethnicity: caucasian,GPL18573,,GSM3124564,25.0,Sample_characteristics_ch1:age,age;cell id;disease;ethnicity;sex
GSM3124565,19_26YR_Male_Caucasian,Skin; Arm,Homo sapiens,total RNA,fpkm.txt,cell id: AG09860; disease: Normal; Sex: Male; age: 26; ethnicity: Caucasian,GPL18573,,GSM3124565,26.0,Sample_characteristics_ch1:age,age;cell id;disease;ethnicity;sex
GSM3124566,20_26YR_Female_Caucasian,Skin; Arm,Homo sapiens,total RNA,fpkm.txt,cell id: AG07124; disease: Normal; Sex: Female; age: 26; ethnicity: Caucasian,GPL18573,,GSM3124566,26.0,Sample_characteristics_ch1:age,age;cell id;disease;ethnicity;sex
GSM3124567,21_28YR_Male_Caucasian,Skin; Arm,Homo sapiens,total RNA,fpkm.txt,cell id: AG09559; disease: Normal; Sex: Male; age: 28; ethnicity: Caucasian,GPL18573,,GSM3124567,28.0,Sample_characteristics_ch1:age,age;cell id;disease;ethnicity;sex
GSM3124568,22_29YR_Male_Caucasian,Skin; Arm,Homo sapiens,total RNA,fpkm.txt,cell id: AG04054; disease: Normal; Sex: Male; age: 29; ethnicity: Caucasian,GPL18573,,GSM3124568,29.0,Sample_characteristics_ch1:age,age;cell id;disease;ethnicity;sex
GSM3124569,23_29YR_Male_Caucasian,Skin; Arm,Homo sapiens,total RNA,fpkm.txt,cell id: AG07478; disease: Normal; Sex: Male; age: 29; ethnicity: Caucasian,GPL18573,,GSM3124569,29.0,Sample_characteristics_ch1:age,age;cell id;disease;ethnicity;sex
GSM3124570,24_30YR_Male_Caucasian,Skin; Arm,Homo sapiens,total RNA,fpkm.txt,cell id: AG13153; disease: Normal; Sex: Male; age: 30; ethnicity: Caucasian,GPL18573,,GSM3124570,30.0,Sample_characteristics_ch1:age,age;cell id;disease;ethnicity;sex
GSM3124571,25_30YR_Female_Caucasian,Skin; Arm,Homo sapiens,total RNA,fpkm.txt,cell id: AG09599; disease: Normal; Sex: Female; age: 30; ethnicity: Caucasian,GPL16791,,GSM3124571,30.0,Sample_characteristics_ch1:age,age;cell id;disease;ethnicity;sex
GSM3124572,26_30YR_Male_Caucasian,Skin; Arm,Homo sapiens,total RNA,fpkm.txt,cell id: AG13234; disease: Normal; Sex: Male; age: 30; ethnicity: Caucasian,GPL16791,,GSM3124572,30.0,Sample_characteristics_ch1:age,age;cell id;disease;ethnicity;sex
GSM3124573,27_30YR_Male_Caucasian,Skin; Arm,Homo sapiens,total RNA,fpkm.txt,cell id: AG09605; disease: Normal; Sex: Male; age: 30; ethnicity: Caucasian,GPL16791,,GSM3124573,30.0,Sample_characteristics_ch1:age,age;cell id;disease;ethnicity;sex
GSM3124574,28_43yr_Female_Caucasian,Skin; Arm,Homo sapiens,total RNA,fpkm.txt,cell id: AG11745; disease: Normal; Sex: Female; age: 43; ethnicity: Caucasian,GPL16791,,GSM3124574,43.0,Sample_characteristics_ch1:age,age;cell id;disease;ethnicity;sex
GSM3124575,29_44yr_Male_Caucasian,Skin; Arm,Homo sapiens,total RNA,fpkm.txt,cell id: AG13244; disease: Normal; Sex: Male; age: 44; ethnicity: Caucasian,GPL16791,,GSM3124575,44.0,Sample_characteristics_ch1:age,age;cell id;disease;ethnicity;sex
GSM3124576,30_41yr_Male_Caucasian,Skin; Arm,Homo sapiens,total RNA,fpkm.txt,cell id: AG13967; disease: Normal; Sex: Male; age: 41; ethnicity: Caucasian,GPL16791,,GSM3124576,41.0,Sample_characteristics_ch1:age,age;cell id;disease;ethnicity;sex
GSM3124577,31_47yr_Male_Caucasian,Skin; Arm,Homo sapiens,total RNA,fpkm.txt,cell id: AG12989; disease: Normal; Sex: Male; age: 47; ethnicity: Caucasian,GPL16791,,GSM3124577,47.0,Sample_characteristics_ch1:age,age;cell id;disease;ethnicity;sex
GSM3124578,32_50yr_Female_Caucasian,Skin; Arm,Homo sapiens,total RNA,fpkm.txt,cell id: AG12493; disease: Normal; Sex: Female; age: 50; ethnicity: Caucasian,GPL16791,,GSM3124578,50.0,Sample_characteristics_ch1:age,age;cell id;disease;ethnicity;sex
GSM3124579,33_46yr_Male_Caucasian,Skin; Arm,Homo sapiens,total RNA,fpkm.txt,cell id: AG11556; disease: Normal; Sex: Male; age: 46; ethnicity: Caucasian,GPL16791,,GSM3124579,46.0,Sample_characteristics_ch1:age,age;cell id;disease;ethnicity;sex
GSM3124580,34_50yr_Male_Caucasian,Skin; Arm,Homo sapiens,total RNA,fpkm.txt,cell id: AG12602; disease: Normal; Sex: Male; age: 50; ethnicity: Caucasian,GPL16791,,GSM3124580,50.0,Sample_characteristics_ch1:age,age;cell id;disease;ethnicity;sex
GSM3124581,35_42yr_Female_Caucasian,Skin; Arm,Homo sapiens,total RNA,fpkm.txt,cell id: AG13066; disease: Normal; Sex: Female; age: 42; ethnicity: Caucasian,GPL16791,,GSM3124581,42.0,Sample_characteristics_ch1:age,age;cell id;disease;ethnicity;sex
GSM3124582,36_47yr_Male_Caucasian,Skin; Arm,Homo sapiens,total RNA,fpkm.txt,cell id: AG13962; disease: Normal; Sex: Male; age: 47; ethnicity: Caucasian,GPL16791,,GSM3124582,47.0,Sample_characteristics_ch1:age,age;cell id;disease;ethnicity;sex
GSM3124583,37_41yr_Female_Caucasian,Skin; Arm,Homo sapiens,total RNA,fpkm.txt,cell id: AG16358; disease: Normal; Sex: Female; age: 41; ethnicity: Caucasian,GPL16791,,GSM3124583,41.0,Sample_characteristics_ch1:age,age;cell id;disease;ethnicity;sex
GSM3124584,38_43yr_Male_Caucasian,Skin; Arm,Homo sapiens,total RNA,fpkm.txt,cell id: AG04063; disease: Normal; Sex: Male; age: 43; ethnicity: Caucasian,GPL18573,,GSM3124584,43.0,Sample_characteristics_ch1:age,age;cell id;disease;ethnicity;sex
GSM3124585,39_44yr_Male_Caucasian,Skin; Arm,Homo sapiens,total RNA,fpkm.txt,cell id: AG11698; disease: Normal; Sex: Male; age: 44; ethnicity: Caucasian,GPL18573,,GSM3124585,44.0,Sample_characteristics_ch1:age,age;cell id;disease;ethnicity;sex
GSM3124586,40_45yr_Male_Caucasian,Skin; Arm,Homo sapiens,total RNA,fpkm.txt,cell id: AG11484; disease: Normal; Sex: Male; age: 45; ethnicity: Caucasian,GPL18573,,GSM3124586,45.0,Sample_characteristics_ch1:age,age;cell id;disease;ethnicity;sex
GSM3124587,41_46yr_Male_Caucasian,skin; Arm,Homo sapiens,total RNA,fpkm.txt,cell id: AG11162; disease: Normal; Sex: Male; age: 46; ethnicity: Caucasian,GPL18573,,GSM3124587,46.0,Sample_characteristics_ch1:age,age;cell id;disease;ethnicity;sex
GSM3124588,42_46yr_Male_Caucasian,Skin; Arm,Homo sapiens,total RNA,fpkm.txt,cell id: AG12954; disease: Normal; Sex: Male; age: 46; ethnicity: Caucasian,GPL18573,,GSM3124588,46.0,Sample_characteristics_ch1:age,age;cell id;disease;ethnicity;sex
GSM3124589,43_47yr_Male_Caucasian,Skin; Arm,Homo sapiens,total RNA,fpkm.txt,cell id: AG11154; disease: Normal; Sex: Male; age: 47; ethnicity: Caucasian,GPL18573,,GSM3124589,47.0,Sample_characteristics_ch1:age,age;cell id;disease;ethnicity;sex
GSM3124590,44_61YR_Male_Caucasian,Skin; Arm,Homo sapiens,total RNA,fpkm.txt,cell id: AG13225; disease: Normal; Sex: Male; age: 61; ethnicity: Caucasian,GPL18573,,GSM3124590,61.0,Sample_characteristics_ch1:age,age;cell id;disease;ethnicity;sex
GSM3124591,45_62YR_Female_Caucasian,Skin; Arm,Homo sapiens,total RNA,fpkm.txt,cell id: AG12597; disease: Normal; Sex: Female; age: 62; ethnicity: Caucasian,GPL18573,,GSM3124591,62.0,Sample_characteristics_ch1:age,age;cell id;disease;ethnicity;sex
GSM3124592,46_62YR_Female_Caucasian,Skin; Arm,Homo sapiens,total RNA,fpkm.txt,cell id: AG11357; disease: Normal; Sex: Female; age: 62; ethnicity: Caucasian,GPL18573,,GSM3124592,62.0,Sample_characteristics_ch1:age,age;cell id;disease;ethnicity;sex
GSM3124593,47_63YR_Male_Caucasian,Skin; Arm,Homo sapiens,total RNA,fpkm.txt,cell id: AG12588; disease: Normal; Sex: Male; age: 63; ethnicity: Caucasian,GPL18573,,GSM3124593,63.0,Sample_characteristics_ch1:age,age;cell id;disease;ethnicity;sex
GSM3124594,48_64YR_Male_Caucasian,Skin; Arm,Homo sapiens,total RNA,fpkm.txt,cell id: AG13065; disease: Normal; Sex: Male; age: 64; ethnicity: Caucasian,GPL18573,,GSM3124594,64.0,Sample_characteristics_ch1:age,age;cell id;disease;ethnicity;sex
GSM3124595,49_66YR_Male_Caucasian,Skin; Arm,Homo sapiens,total RNA,fpkm.txt,cell id: AG04461; disease: Normal; Sex: Male; age: 66; ethnicity: Caucasian,GPL18573,,GSM3124595,66.0,Sample_characteristics_ch1:age,age;cell id;disease;ethnicity;sex
GSM3124596,50_67YR_Male_Caucasian,Skin; Arm,Homo sapiens,total RNA,fpkm.txt,cell id: AG12599; disease: Normal; Sex: Male; age: 67; ethnicity: Caucasian,GPL18573,,GSM3124596,67.0,Sample_characteristics_ch1:age,age;cell id;disease;ethnicity;sex
GSM3124597,51_67YR_Male_Caucasian,Skin; Arm,Homo sapiens,total RNA,fpkm.txt,cell id: AG13018; disease: Normal; Sex: Male; age: 67; ethnicity: Caucasian,GPL18573,,GSM3124597,67.0,Sample_characteristics_ch1:age,age;cell id;disease;ethnicity;sex
GSM3124598,52_68YR_Male_Caucasian,Skin; Arm,Homo sapiens,total RNA,fpkm.txt,cell id: AG14251; disease: Normal; Sex: Male; age: 68; ethnicity: Caucasian,GPL18573,,GSM3124598,68.0,Sample_characteristics_ch1:age,age;cell id;disease;ethnicity;sex
GSM3124599,53_68YR_Male_Caucasian,Skin; Arm,Homo sapiens,total RNA,fpkm.txt,cell id: AG12850; disease: Normal; Sex: Male; age: 68; ethnicity: Caucasian,GPL18573,,GSM3124599,68.0,Sample_characteristics_ch1:age,age;cell id;disease;ethnicity;sex
GSM3124600,54_69YR_Male_Caucasian,Skin; Arm,Homo sapiens,total RNA,fpkm.txt,cell id: AG12587; disease: Normal; Sex: Male; age: 69; ethnicity: Caucasian,GPL18573,,GSM3124600,69.0,Sample_characteristics_ch1:age,age;cell id;disease;ethnicity;sex
GSM3124601,55_69YR_Female_Caucasian,Skin; Arm,Homo sapiens,total RNA,fpkm.txt,cell id: AG13144; disease: Normal; Sex: Female; age: 69; ethnicity: Caucasian,GPL18573,,GSM3124601,69.0,Sample_characteristics_ch1:age,age;cell id;disease;ethnicity;sex
GSM3124602,56_83_Male_Caucasian,Skin; Arm,Homo sapiens,total RNA,fpkm.txt,cell id: AG04386; disease: Normal; Sex: Male; age: 83; ethnicity: Caucasian,GPL18573,,GSM3124602,83.0,Sample_characteristics_ch1:age,age;cell id;disease;ethnicity;sex
GSM3124603,57_83_Male_Caucasian,Skin; Arm,Homo sapiens,total RNA,fpkm.txt,cell id: AG05413; disease: Normal; Sex: Male; age: 83; ethnicity: Caucasian,GPL18573,,GSM3124603,83.0,Sample_characteristics_ch1:age,age;cell id;disease;ethnicity;sex
GSM3124604,58_83_Male_Caucasian,Skin; Arm,Homo sapiens,total RNA,fpkm.txt,cell id: AG04457; disease: Normal; Sex: Male; age: 83; ethnicity: Caucasian,GPL18573,,GSM3124604,83.0,Sample_characteristics_ch1:age,age;cell id;disease;ethnicity;sex
GSM3124605,59_84_Female_Caucasian,Skin; Arm,Homo sapiens,total RNA,fpkm.txt,cell id: AG11725; disease: Normal; Sex: Female; age: 84; ethnicity: Caucasian,GPL18573,,GSM3124605,84.0,Sample_characteristics_ch1:age,age;cell id;disease;ethnicity;sex
GSM3124606,60_84_Male_Caucasian,Skin; Arm,Homo sapiens,total RNA,fpkm.txt,cell id: AG06276; disease: Normal; Sex: Male; age: 84; ethnicity: Caucasian,GPL18573,,GSM3124606,84.0,Sample_characteristics_ch1:age,age;cell id;disease;ethnicity;sex
GSM3124607,61_84_Female_Caucasian,Skin; Arm,Homo sapiens,total RNA,fpkm.txt,cell id: AG11744; disease: Normal; Sex: Female; age: 84; ethnicity: Caucasian,GPL18573,,GSM3124607,84.0,Sample_characteristics_ch1:age,age;cell id;disease;ethnicity;sex
GSM3124608,62_84_Male_Caucasian,Skin; Arm,Homo sapiens,total RNA,fpkm.txt,cell id: AG12947; disease: Normal; Sex: Male; age: 84; ethnicity: Caucasian,GPL18573,,GSM3124608,84.0,Sample_characteristics_ch1:age,age;cell id;disease;ethnicity;sex
GSM3124609,63_84_Male_Caucasian,Skin; Arm,Homo sapiens,total RNA,fpkm.txt,cell id: AG05274; disease: Normal; Sex: Male; age: 84; ethnicity: Caucasian,GPL18573,,GSM3124609,84.0,Sample_characteristics_ch1:age,age;cell id;disease;ethnicity;sex
GSM3124610,64_84_Male_Caucasian,Skin; Arm,Homo sapiens,total RNA,fpkm.txt,cell id: AG11730; disease: Normal; Sex: Male; age: 84; ethnicity: Caucasian,GPL18573,,GSM3124610,84.0,Sample_characteristics_ch1:age,age;cell id;disease;ethnicity;sex
GSM3124611,65_84_Male_Caucasian,Skin; Arm,Homo sapiens,total RNA,fpkm.txt,cell id: AG04661; disease: Normal; Sex: Male; age: 84; ethnicity: Caucasian,GPL18573,,GSM3124611,84.0,Sample_characteristics_ch1:age,age;cell id;disease;ethnicity;sex
GSM3124612,66_86_Male_CaucasianSardinian,Skin; Arm,Homo sapiens,total RNA,fpkm.txt,cell id: AG11748; disease: Normal; Sex: Male; age: 86; ethnicity: Caucasian/Sardinian,GPL18573,,GSM3124612,86.0,Sample_characteristics_ch1:age,age;cell id;disease;ethnicity;sex
GSM3124613,67_86_Male_caucasian,Skin; Arm,Homo sapiens,total RNA,fpkm.txt,cell id: AG04143; disease: Normal; Sex: Male; age: 86; ethnicity: caucasian,GPL18573,,GSM3124613,86.0,Sample_characteristics_ch1:age,age;cell id;disease;ethnicity;sex
GSM3124614,68_86_Male_caucasian,Skin; Arm,Homo sapiens,total RNA,fpkm.txt,cell id: AG13349; disease: Normal; Sex: Male; age: 86; ethnicity: caucasian,GPL18573,,GSM3124614,86.0,Sample_characteristics_ch1:age,age;cell id;disease;ethnicity;sex
GSM3124615,69_87_Female_caucasian,Skin; Arm,Homo sapiens,total RNA,fpkm.txt,cell id: AG05247; disease: Normal; Sex: Female; age: 87; ethnicity: caucasian,GPL18573,,GSM3124615,87.0,Sample_characteristics_ch1:age,age;cell id;disease;ethnicity;sex
GSM3124616,70_87_Male_caucasian,Skin; Arm,Homo sapiens,total RNA,fpkm.txt,cell id: AG10884; disease: Normal; Sex: Male; age: 87; ethnicity: caucasian,GPL18573,,GSM3124616,87.0,Sample_characteristics_ch1:age,age;cell id;disease;ethnicity;sex
GSM3124617,71_87_Male_caucasian,Skin; Arm,Homo sapiens,total RNA,fpkm.txt,cell id: AG05248; disease: Normal; Sex: Male; age: 87; ethnicity: caucasian,GPL18573,,GSM3124617,87.0,Sample_characteristics_ch1:age,age;cell id;disease;ethnicity;sex
GSM3124618,72_87_Male_Black,Skin; Arm,Homo sapiens,total RNA,fpkm.txt,cell id: AG11017; disease: Normal; Sex: Male; age: 87; ethnicity: Black,GPL18573,,GSM3124618,87.0,Sample_characteristics_ch1:age,age;cell id;disease;ethnicity;sex
GSM3124619,73_88_Male_Caucasian,Skin; Arm,Homo sapiens,total RNA,fpkm.txt,cell id: AG04065; disease: Normal; Sex: Male; age: 88; ethnicity: Caucasian,GPL18573,,GSM3124619,88.0,Sample_characteristics_ch1:age,age;cell id;disease;ethnicity;sex
GSM3124620,74_89_Male_Caucasian,Skin; Arm,Homo sapiens,total RNA,fpkm.txt,cell id: AG13129; disease: Normal; Sex: Male; age: 89; ethnicity: Caucasian,GPL18573,,GSM3124620,89.0,Sample_characteristics_ch1:age,age;cell id;disease;ethnicity;sex
GSM3124621,75_90_Male_Caucasian,Skin; Arm,Homo sapiens,total RNA,fpkm.txt,cell id: AG12788; disease: Normal; Sex: Male; age: 90; ethnicity: Caucasian,GPL18573,,GSM3124621,90.0,Sample_characteristics_ch1:age,age;cell id;disease;ethnicity;sex
GSM3124622,76_91_Male_Caucasian,Skin; Arm,Homo sapiens,total RNA,fpkm.txt,cell id: AG07725; disease: Normal; Sex: Male; age: 91; ethnicity: Caucasian,GPL18573,,GSM3124622,91.0,Sample_characteristics_ch1:age,age;cell id;disease;ethnicity;sex
GSM3124623,77_92_Female_Caucasian,Skin; Arm,Homo sapiens,total RNA,fpkm.txt,cell id: AG09602; disease: Normal; Sex: Female; age: 92; ethnicity: Caucasian,GPL18573,,GSM3124623,92.0,Sample_characteristics_ch1:age,age;cell id;disease;ethnicity;sex
GSM3124624,78_96_Male_Caucasian,Skin; Arm,Homo sapiens,total RNA,fpkm.txt,cell id: AG04059; disease: Normal; Sex: Male; age: 96; ethnicity: Caucasian,GPL18573,,GSM3124624,96.0,Sample_characteristics_ch1:age,age;cell id;disease;ethnicity;sex
GSM3124625,79_1_male_Caucasian,skin; chet,Homo sapiens,total RNA,fpkm.txt,cell id: GM05659; disease: Normal; Sex: male; age: 1; ethnicity: Caucasian,GPL18573,,GSM3124625,1.0,Sample_characteristics_ch1:age,age;cell id;disease;ethnicity;sex
GSM3124626,80_2_female_Caucasian,Skin; Unspecified,Homo sapiens,total RNA,fpkm.txt,cell id: GM00969; disease: Normal; Sex: female; age: 2; ethnicity: Caucasian,GPL18573,,GSM3124626,2.0,Sample_characteristics_ch1:age,age;cell id;disease;ethnicity;sex
GSM3124627,81_3_male_LatinoHispanic,skin; Inguinal area,Homo sapiens,total RNA,fpkm.txt,cell id: GM05565; disease: Normal; Sex: male; age: 3; ethnicity: Latino/Hispanic,GPL18573,,GSM3124627,3.0,Sample_characteristics_ch1:age,age;cell id;disease;ethnicity;sex
GSM3124628,82_3_male_Unknown,Skin; Unspecified,Homo sapiens,total RNA,fpkm.txt,cell id: GM00498; disease: Normal; Sex: male; age: 3; ethnicity: Unknown,GPL18573,,GSM3124628,3.0,Sample_characteristics_ch1:age,age;cell id;disease;ethnicity;sex
GSM3124629,83_5yr_Male_Black,Skin; Umbilical Cord Area,Homo sapiens,total RNA,fpkm.txt,cell id: GM05381; disease: Normal; Sex: Male; age: 5; ethnicity: Black,GPL18573,,GSM3124629,5.0,Sample_characteristics_ch1:age,age;cell id;disease;ethnicity;sex
GSM3124630,84_6yr_Male_Black,Skin; inguinal area,Homo sapiens,total RNA,fpkm.txt,cell id: GM05400; disease: Normal; Sex: Male; age: 6; ethnicity: Black,GPL18573,,GSM3124630,6.0,Sample_characteristics_ch1:age,age;cell id;disease;ethnicity;sex
GSM3124631,85_7yr_Male_Black,Skin; inguinal area,Homo sapiens,total RNA,fpkm.txt,cell id: GM05757; disease: Normal; Sex: Male; age: 7; ethnicity: Black,GPL18573,,GSM3124631,7.0,Sample_characteristics_ch1:age,age;cell id;disease;ethnicity;sex
GSM3124632,86_7yr_Male_Caucasian,Skin; Unspecified,Homo sapiens,total RNA,fpkm.txt,cell id: GM00409; disease: Normal; Sex: Male; age: 7; ethnicity: Caucasian,GPL18573,,GSM3124632,7.0,Sample_characteristics_ch1:age,age;cell id;disease;ethnicity;sex
GSM3124633,87_8yr_Male_Caucasian,Skin; Unspecified,Homo sapiens,total RNA,fpkm.txt,cell id: GM00499; disease: Normal; Sex: Male; age: 8; ethnicity: Caucasian,GPL18573,,GSM3124633,8.0,Sample_characteristics_ch1:age,age;cell id;disease;ethnicity;sex
GSM3124634,88_8yr_Male_Caucasian,Skin; Inguinal area,Homo sapiens,total RNA,fpkm.txt,cell id: GM08398; disease: Normal; Sex: Male; age: 8; ethnicity: Caucasian,GPL18573,,GSM3124634,8.0,Sample_characteristics_ch1:age,age;cell id;disease;ethnicity;sex
GSM3124635,89_9yr_Female_Black,Skin; unspecified,Homo sapiens,total RNA,fpkm.txt,cell id: GM00038; disease: Normal; Sex: Female; age: 9; ethnicity: Black,GPL18573,,GSM3124635,9.0,Sample_characteristics_ch1:age,age;cell id;disease;ethnicity;sex
GSM3124636,90_10yr_Male_Black,Skin; Unspecified,Homo sapiens,total RNA,fpkm.txt,cell id: GM03349; disease: Normal; Sex: Male; age: 10; ethnicity: Black,GPL18573,,GSM3124636,10.0,Sample_characteristics_ch1:age,age;cell id;disease;ethnicity;sex
GSM3124637,91_10yr_Male_Caucasian,Skin; Unspecified,Homo sapiens,total RNA,fpkm.txt,cell id: GM00500; disease: Normal; Sex: Male; age: 10; ethnicity: Caucasian,GPL18573,,GSM3124637,10.0,Sample_characteristics_ch1:age,age;cell id;disease;ethnicity;sex
GSM3124638,92_11_female_Caucasian,skin; arm,Homo sapiens,total RNA,fpkm.txt,cell id: GM01652; disease: Normal; Sex: female; age: 11; ethnicity: Caucasian,GPL18573,,GSM3124638,11.0,Sample_characteristics_ch1:age,age;cell id;disease;ethnicity;sex
GSM3124639,93_11_female_Caucasian,skin; arm,Homo sapiens,total RNA,fpkm.txt,cell id: GM01582; disease: Normal; Sex: female; age: 11; ethnicity: Caucasian,GPL18573,,GSM3124639,11.0,Sample_characteristics_ch1:age,age;cell id;disease;ethnicity;sex
GSM3124640,94_12_male_Caucasian,skin; arm,Homo sapiens,total RNA,fpkm.txt,cell id: GM00316; disease: Normal; Sex: male; age: 12; ethnicity: Caucasian,GPL18573,,GSM3124640,12.0,Sample_characteristics_ch1:age,age;cell id;disease;ethnicity;sex
GSM3124641,95_13yr_Male_WhiTEEASTINDIAN,Skin; Arm,Homo sapiens,total RNA,fpkm.txt,cell id: GM02037; disease: Normal; Sex: Male; age: 13; ethnicity: WhiTE/EAST INDIAN,GPL18573,,GSM3124641,13.0,Sample_characteristics_ch1:age,age;cell id;disease;ethnicity;sex
GSM3124642,97_16yr_Female_Unknown,Skin; Unspecified,Homo sapiens,total RNA,fpkm.txt,cell id: GM07532; disease: Normal; Sex: Female; age: 16; ethnicity: Unknown,GPL18573,,GSM3124642,16.0,Sample_characteristics_ch1:age,age;cell id;disease;ethnicity;sex
GSM3124643,98_17yr_Male_Caucasian,Skin; Unspecified,Homo sapiens,total RNA,fpkm.txt,cell id: GM07753; disease: Normal; Sex: Male; age: 17; ethnicity: Caucasian,GPL18573,,GSM3124643,17.0,Sample_characteristics_ch1:age,age;cell id;disease;ethnicity;sex
GSM3124644,99_17yr_Male_Caucasian,Skin; Unspecified,Homo sapiens,total RNA,fpkm.txt,cell id: GM07492; disease: Normal; Sex: Male; age: 17; ethnicity: Caucasian,GPL18573,,GSM3124644,17.0,Sample_characteristics_ch1:age,age;cell id;disease;ethnicity;sex
GSM3124645,101_19yr_Female_Caucasian,Skin; Unspecified,Homo sapiens,total RNA,fpkm.txt,cell id: GM08399; disease: Normal; Sex: Female; age: 19; ethnicity: Caucasian,GPL18573,,GSM3124645,19.0,Sample_characteristics_ch1:age,age;cell id;disease;ethnicity;sex
GSM3124646,102_19yr_Male_Caucasian,Skin; Unspecified,Homo sapiens,total RNA,fpkm.txt,cell id: GM04501; disease: Normal; Sex: Male; age: 19; ethnicity: Caucasian,GPL18573,,GSM3124646,19.0,Sample_characteristics_ch1:age,age;cell id;disease;ethnicity;sex
GSM3124647,103_19yr_Male_Caucasian,Skin; Unspecified,Homo sapiens,total RNA,fpkm.txt,cell id: GM23973; disease: Normal; Sex: Male; age: 19; ethnicity: Caucasian,GPL18573,,GSM3124647,19.0,Sample_characteristics_ch1:age,age;cell id;disease;ethnicity;sex
GSM3124648,104_19yr_Male_Caucasian,Skin; Arm,Homo sapiens,total RNA,fpkm.txt,cell id: GM03377; disease: Normal; Sex: Male; age: 19; ethnicity: Caucasian,GPL18573,,GSM3124648,19.0,Sample_characteristics_ch1:age,age;cell id;disease;ethnicity;sex
GSM3124649,105_20yr_Male_Caucasian,Skin; Leg,Homo sapiens,total RNA,fpkm.txt,cell id: GM03440; disease: Normal; Sex: Male; age: 20; ethnicity: Caucasian,GPL18573,,GSM3124649,20.0,Sample_characteristics_ch1:age,age;cell id;disease;ethnicity;sex
GSM3124650,106_20yr_Female_Caucasian,skin; arm,Homo sapiens,total RNA,fpkm.txt,cell id: GM04505; disease: Normal; Sex: Female; age: 20; ethnicity: Caucasian,GPL18573,,GSM3124650,20.0,Sample_characteristics_ch1:age,age;cell id;disease;ethnicity;sex
GSM3124651,107_31yr_Female_Caucasian,skin; Unspecified,Homo sapiens,total RNA,fpkm.txt,cell id: GM04503; disease: Normal; Sex: Female; age: 31; ethnicity: Caucasian,GPL18573,,GSM3124651,31.0,Sample_characteristics_ch1:age,age;cell id;disease;ethnicity;sex
GSM3124652,108_31_female_Caucasian,Skin; Unspecified,Homo sapiens,total RNA,fpkm.txt,cell id: GM04504; disease: Normal; Sex: female; age: 31; ethnicity: Caucasian,GPL18573,,GSM3124652,31.0,Sample_characteristics_ch1:age,age;cell id;disease;ethnicity;sex
GSM3124653,109_32_male_Unknown,Skin; Unspecified,Homo sapiens,total RNA,fpkm.txt,cell id: GM08402; disease: Normal; Sex: male; age: 32; ethnicity: Unknown,GPL18573,,GSM3124653,32.0,Sample_characteristics_ch1:age,age;cell id;disease;ethnicity;sex
GSM3124654,110_32_female_BlackPuertoRican,Skin; Unspecified,Homo sapiens,total RNA,fpkm.txt,cell id: GM00043; disease: Normal; Sex: female; age: 32; ethnicity: Black/Puerto Rican,GPL18573,,GSM3124654,32.0,Sample_characteristics_ch1:age,age;cell id;disease;ethnicity;sex
GSM3124655,111_33yr_Male_Caucasian,skin; Unspecified,Homo sapiens,total RNA,fpkm.txt,cell id: GM02673; disease: Normal; Sex: Male; age: 33; ethnicity: Caucasian,GPL18573,,GSM3124655,33.0,Sample_characteristics_ch1:age,age;cell id;disease;ethnicity;sex
GSM3124656,112_33yr_Male_Caucasian,Skin; Unspecified,Homo sapiens,total RNA,fpkm.txt,cell id: GM23971; disease: Normal; Sex: Male; age: 33; ethnicity: Caucasian,GPL18573,,GSM3124656,33.0,Sample_characteristics_ch1:age,age;cell id;disease;ethnicity;sex
GSM3124657,114_37yr_Female_Unknown,Skin/Blood,Homo sapiens,total RNA,fpkm.txt,cell id: GM08400; disease: Normal; Sex: Female; age: 37; ethnicity: Unknown,GPL18573,,GSM3124657,37.0,Sample_characteristics_ch1:age,age;cell id;disease;ethnicity;sex
GSM3124658,115_37yr_Female_Unknown,Skin; Arm,Homo sapiens,total RNA,fpkm.txt,cell id: GM01650; disease: Normal; Sex: Female; age: 37; ethnicity: Unknown,GPL18573,,GSM3124658,37.0,Sample_characteristics_ch1:age,age;cell id;disease;ethnicity;sex
GSM3124659,117_37yr_Male_Caucasian,skin; Arm,Homo sapiens,total RNA,fpkm.txt,cell id: GM01653; disease: Normal; Sex: Male; age: 37; ethnicity: Caucasian,GPL18573,,GSM3124659,37.0,Sample_characteristics_ch1:age,age;cell id;disease;ethnicity;sex
GSM3124660,118_39yr_Male_Caucasian,skin; Arm,Homo sapiens,total RNA,fpkm.txt,cell id: GM01717; disease: Normal; Sex: Male; age: 39; ethnicity: Caucasian,GPL18573,,GSM3124660,39.0,Sample_characteristics_ch1:age,age;cell id;disease;ethnicity;sex
GSM3124661,120_51yr_Male_Caucasian,skin; Arm,Homo sapiens,total RNA,fpkm.txt,cell id: GM00967; disease: Normal; Sex: Male; age: 51; ethnicity: Caucasian,GPL18573,,GSM3124661,51.0,Sample_characteristics_ch1:age,age;cell id;disease;ethnicity;sex
GSM3124662,121_52yr_Male_Caucasian,skin; Unspecified,Homo sapiens,total RNA,fpkm.txt,cell id: GM23967; disease: Normal; Sex: Male; age: 52; ethnicity: Caucasian,GPL18573,,GSM3124662,52.0,Sample_characteristics_ch1:age,age;cell id;disease;ethnicity;sex
GSM3124663,122_55yr_Male_Caucasian,Skin; Arm,Homo sapiens,total RNA,fpkm.txt,cell id: GM23248; disease: Normal; Sex: Male; age: 55; ethnicity: Caucasian,GPL18573,,GSM3124663,55.0,Sample_characteristics_ch1:age,age;cell id;disease;ethnicity;sex
GSM3124664,123_57_male_Caucasian,Skin; Unspecified,Homo sapiens,total RNA,fpkm.txt,cell id: GM13335; disease: Normal; Sex: male; age: 57; ethnicity: Caucasian,GPL18573,,GSM3124664,57.0,Sample_characteristics_ch1:age,age;cell id;disease;ethnicity;sex
GSM3124665,124_60yr_Male_Caucasian,skin; Unspecified,Homo sapiens,total RNA,fpkm.txt,cell id: GM04260; disease: Normal; Sex: Male; age: 60; ethnicity: Caucasian,GPL18573,,GSM3124665,60.0,Sample_characteristics_ch1:age,age;cell id;disease;ethnicity;sex
GSM3124666,125_71yr_Female_Caucasian,Skin; Arm,Homo sapiens,total RNA,fpkm.txt,cell id: GM01680; disease: Normal; Sex: Female; age: 71; ethnicity: Caucasian,GPL18573,,GSM3124666,71.0,Sample_characteristics_ch1:age,age;cell id;disease;ethnicity;sex
GSM3124667,126_75_male_Caucasian,Skin; Unspecified,Homo sapiens,total RNA,fpkm.txt,cell id: GM08401; disease: Normal; Sex: male; age: 75; ethnicity: Caucasian,GPL18573,,GSM3124667,75.0,Sample_characteristics_ch1:age,age;cell id;disease;ethnicity;sex
GSM3124668,127_78yr_Male_Caucasian,Skin; Unspecified,Homo sapiens,total RNA,fpkm.txt,cell id: GM09918; disease: Normal; Sex: Male; age: 78; ethnicity: Caucasian,GPL18573,,GSM3124668,78.0,Sample_characteristics_ch1:age,age;cell id;disease;ethnicity;sex
GSM3124669,128_80yr_Female_Caucasian,Skin; Abdomen,Homo sapiens,total RNA,fpkm.txt,cell id: GM03525; disease: Normal; Sex: Female; age: 80; ethnicity: Caucasian,GPL18573,,GSM3124669,80.0,Sample_characteristics_ch1:age,age;cell id;disease;ethnicity;sex
GSM3124670,129_94_Male_Caucasian,skin; Arm,Homo sapiens,total RNA,fpkm.txt,cell id: AG08433; disease: Normal; Sex: Male; age: 94; ethnicity: Caucasian,GPL18573,,GSM3124670,94.0,Sample_characteristics_ch1:age,age;cell id;disease;ethnicity;sex
GSM3124671,130_89_Male_Caucasian,skin; Arm,Homo sapiens,total RNA,fpkm.txt,cell id: AG13208; disease: Normal; Sex: Male; age: 89; ethnicity: Caucasian,GPL18573,,GSM3124671,89.0,Sample_characteristics_ch1:age,age;cell id;disease;ethnicity;sex
GSM3124672,131_87_Male_Caucasian,Skin; Arm,Homo sapiens,total RNA,fpkm.txt,cell id: AG04662; disease: Normal; Sex: Male; age: 87; ethnicity: Caucasian,GPL18573,,GSM3124672,87.0,Sample_characteristics_ch1:age,age;cell id;disease;ethnicity;sex
GSM3124673,132_90_Male_Caucasian,Skin; Arm,Homo sapiens,total RNA,fpkm.txt,cell id: AG06291; disease: Normal; Sex: Male; age: 90; ethnicity: Caucasian,GPL18573,,GSM3124673,90.0,Sample_characteristics_ch1:age,age;cell id;disease;ethnicity;sex
GSM3124674,133_89_Male_Caucasian,Skin; Arm,Homo sapiens,total RNA,fpkm.txt,cell id: AG06308; disease: Normal; Sex: Male; age: 89; ethnicity: Caucasian,GPL18573,,GSM3124674,89.0,Sample_characteristics_ch1:age,age;cell id;disease;ethnicity;sex
GSM3124675,134_86_Male_Caucasian,Skin; Arm,Homo sapiens,total RNA,fpkm.txt,cell id: AG09843; disease: Normal; Sex: Male; age: 86; ethnicity: Caucasian,GPL18573,,GSM3124675,86.0,Sample_characteristics_ch1:age,age;cell id;disease;ethnicity;sex
GSM3124676,135_92_Male_Caucasian,Skin; Arm,Homo sapiens,total RNA,fpkm.txt,cell id: AG04064; disease: Normal; Sex: Male; age: 92; ethnicity: Caucasian,GPL18573,,GSM3124676,92.0,Sample_characteristics_ch1:age,age;cell id;disease;ethnicity;sex
GSM3124677,136_87_Male_Caucasian,Skin; Arm,Homo sapiens,total RNA,fpkm.txt,cell id: AG11808; disease: Normal; Sex: Male; age: 87; ethnicity: Caucasian,GPL18573,,GSM3124677,87.0,Sample_characteristics_ch1:age,age;cell id;disease;ethnicity;sex
GSM3124678,155_22yr_Male_Caucasian,Skin; Unspecified,Homo sapiens,total RNA,fpkm.txt,cell id: GM23815; disease: Normal; Sex: Male; age: 22; ethnicity: Caucasian,GPL18573,,GSM3124678,22.0,Sample_characteristics_ch1:age,age;cell id;disease;ethnicity;sex
GSM3124679,156_25yr_Female_Caucasian,Skin; Arm,Homo sapiens,total RNA,fpkm.txt,cell id: GM03651; disease: Normal; Sex: Female; age: 25; ethnicity: Caucasian,GPL18573,,GSM3124679,25.0,Sample_characteristics_ch1:age,age;cell id;disease;ethnicity;sex
GSM3124680,157_29yr_Male_Unknown,Skin; Buttock,Homo sapiens,total RNA,fpkm.txt,cell id: GM00495; disease: Normal; Sex: Male; age: 29; ethnicity: Unknown,GPL18573,,GSM3124680,29.0,Sample_characteristics_ch1:age,age;cell id;disease;ethnicity;sex
GSM3124681,158_24YR_Male_Caucasian,Skin; Arm,Homo sapiens,total RNA,fpkm.txt,cell id: GM03652; disease: Normal; Sex: Male; age: 24; ethnicity: Caucasian,GPL18573,,GSM3124681,24.0,Sample_characteristics_ch1:age,age;cell id;disease;ethnicity;sex
GSM3124682,159_23YR_Male_AmericanIndian,Skin; Arm,Homo sapiens,total RNA,fpkm.txt,cell id: GM03234; disease: Normal; Sex: Male; age: 23; ethnicity: American Indian,GPL18573,,GSM3124682,23.0,Sample_characteristics_ch1:age,age;cell id;disease;ethnicity;sex
GSM3124683,160_26yr_Female_Asian,Skin; Arm,Homo sapiens,total RNA,fpkm.txt,cell id: GM00726; disease: Normal; Sex: Female; age: 26; ethnicity: Asian,GPL18573,,GSM3124683,26.0,Sample_characteristics_ch1:age,age;cell id;disease;ethnicity;sex
GSM3124684,162_21YR_Male_Caucasian,Skin;Neck,Homo sapiens,total RNA,fpkm.txt,cell id: GM03523; disease: Normal; Sex: Male; age: 21; ethnicity: Caucasian,GPL18573,,GSM3124684,21.0,Sample_characteristics_ch1:age,age;cell id;disease;ethnicity;sex
GSM3124685,163_67YR_Female_Black,Skin; Leg,Homo sapiens,total RNA,fpkm.txt,cell id: GM03524; disease: Normal; Sex: Female; age: 67; ethnicity: Black,GPL18573,,GSM3124685,67.0,Sample_characteristics_ch1:age,age;cell id;disease;ethnicity;sex
GSM3124686,164_67YR_Female_Filipino,Skin; Arm,Homo sapiens,total RNA,fpkm.txt,cell id: AG16086; disease: Normal; Sex: Female; age: 67; ethnicity: Filipino,GPL18573,,GSM3124686,67.0,Sample_characteristics_ch1:age,age;cell id;disease;ethnicity;sex
GSM3124687,165_68YR_Male_Unknown,Skin; Arm,Homo sapiens,total RNA,fpkm.txt,cell id: AG12207; disease: Normal; Sex: Male; age: 68; ethnicity: Unknown,GPL18573,,GSM3124687,68.0,Sample_characteristics_ch1:age,age;cell id;disease;ethnicity;sex
GSM3124688,166_82yr_Female_Caucasian,Skin; Arm,Homo sapiens,total RNA,fpkm.txt,cell id: GM01706; disease: Normal; Sex: Female; age: 82; ethnicity: Caucasian,GPL18573,,GSM3124688,82.0,Sample_characteristics_ch1:age,age;cell id;disease;ethnicity;sex
GSM3124689,167_66yr_Male_Black,Skin; Thigh,Homo sapiens,total RNA,fpkm.txt,cell id: GM03529; disease: Normal; Sex: Male; age: 66; ethnicity: Black,GPL18573,,GSM3124689,66.0,Sample_characteristics_ch1:age,age;cell id;disease;ethnicity;sex
GSM3124690,168_68YR_Male_Caucasian,Skin; Arm,Homo sapiens,total RNA,fpkm.txt,cell id: GM03658; disease: Normal; Sex: Male; age: 68; ethnicity: Caucasian,GPL18573,,GSM3124690,68.0,Sample_characteristics_ch1:age,age;cell id;disease;ethnicity;sex
GSM3124691,169_70yr_Male_Caucasian,Skin; Arm,Homo sapiens,total RNA,fpkm.txt,cell id: GM01681; disease: Normal; Sex: Male; age: 70; ethnicity: Caucasian,GPL18573,,GSM3124691,70.0,Sample_characteristics_ch1:age,age;cell id;disease;ethnicity;sex
GSM3124692,170_69yr_Male_Caucasian,Skin; Arm,Homo sapiens,total RNA,fpkm.txt,cell id: AG16102; disease: Normal; Sex: Male; age: 69; ethnicity: Caucasian,GPL18573,,GSM3124692,69.0,Sample_characteristics_ch1:age,age;cell id;disease;ethnicity;sex
GSM3124693,139_8_Female-HGPS_Caucasian,Skin; Leg,Homo sapiens,total RNA,fpkm.txt,cell id: AG11513; disease: HGPS; Sex: Female; age: 8yr; ethnicity: Caucasian,GPL18573,,GSM3124693,8.0,Sample_characteristics_ch1:age,age;cell id;disease;ethnicity;sex
GSM3124694,141_8_Male-HGPS_Unknown,Unknown,Homo sapiens,total RNA,fpkm.txt,cell id: PRF167; disease: HGPS; Sex: Male; age: 8yr; ethnicity: Unknown,GPL18573,,GSM3124694,8.0,Sample_characteristics_ch1:age,age;cell id;disease;ethnicity;sex
GSM3124695,197_2yr3mos_F_Unknown,Unknown,Homo sapiens,total RNA,fpkm.txt,cell id: HGADFN188; disease: HGPS; Sex: Female; age: 2yr3mos; ethnicity: Unknown,GPL18573,,GSM3124695,,,age;cell id;disease;ethnicity;sex
GSM3124696,198_3yr9mos_F_Unknown,Unknown,Homo sapiens,total RNA,fpkm.txt,cell id: HGADFN127; disease: HGPS; Sex: Female; age: 3yr9mos; ethnicity: Unknown,GPL18573,,GSM3124696,,,age;cell id;disease;ethnicity;sex
GSM3124697,199_4yr8mos_F_Unknown,Unknown,Homo sapiens,total RNA,fpkm.txt,cell id: HGADFN164; disease: HGPS; Sex: Female; age: 4yr8mos; ethnicity: Unknown,GPL18573,,GSM3124697,,,age;cell id;disease;ethnicity;sex
GSM3124698,200_8yr6mos_M_Unknown,Unknown,Homo sapiens,total RNA,fpkm.txt,cell id: HGADFN169; disease: HGPS; Sex: Male; age: 8yr6mos; ethnicity: Unknown,GPL18573,,GSM3124698,,,age;cell id;disease;ethnicity;sex
GSM3124699,201_6ys11mos_F_Unknown,Unknown,Homo sapiens,total RNA,fpkm.txt,cell id: HGADFN178; disease: HGPS; Sex: Female; age: 6yr11mos; ethnicity: Unknown,GPL18573,,GSM3124699,,,age;cell id;disease;ethnicity;sex
GSM3124700,202_5yr0mos_F_Unknown,Unknown,Homo sapiens,total RNA,fpkm.txt,cell id: HGADFN122; disease: HGPS; Sex: Female; age: 5yr0mos; ethnicity: Unknown,GPL18573,,GSM3124700,,,age;cell id;disease;ethnicity;sex
GSM3124701,203_8yr10mos_M_Unknown,Unknown,Homo sapiens,total RNA,fpkm.txt,cell id: HGADFN143; disease: HGPS; Sex: Male; age: 8yr10mos; ethnicity: Unknown,GPL18573,,GSM3124701,,,age;cell id;disease;ethnicity;sex
GSM3124702,204_3yr0mos_F_Unknown,Unknown,Homo sapiens,total RNA,fpkm.txt,cell id: HGADFN367; disease: HGPS; Sex: Female; age: 3yr0mos; ethnicity: Unknown,GPL18573,,GSM3124702,,,age;cell id;disease;ethnicity;sex
