labelling,part,quantity,old,new,diff
joint,a,aged day-0 Fibroblast MD score,0.5151367570932331,0.5151020980954527,-3.4658997780434575e-05
joint,a,aged PartialReprog MD score,0.15752579308739909,0.15297937260192776,-0.004546420485471325
joint,a,young day-0 Fibroblast MD score,0.46880852134227763,0.4689493854056956,0.00014086406341795588
joint,a,gap (aged d0 - young d0),0.046328235750955515,0.046152712689757125,-0.00017552306119839045
joint,a,drop (aged d0 - aged PartialReprog),0.35761096400583403,0.362122725493525,0.004511761487690946
joint,a,drop / gap,7.719071495150954,7.846185075355115,0.12711358020416164
joint,a,drop / gap CI low,7.331864573036845,7.448029109782466,0.11616453674562077
joint,a,drop / gap CI high,8.212028238641178,8.351831916992191,0.13980367835101326
joint,b FULL,forward progress,0.674440748216413,0.6493416287661072,-0.02509911945030574
joint,b FULL,change in distance (delta),130.89356478446803,133.3027083939924,2.4091436095243637
joint,b FULL,delta CI low,130.47349301104504,133.23811350884264,2.7646204977976083
joint,b FULL,delta CI high,133.9181084903101,136.3900895388943,2.4719810485842117
joint,b FULL,final / start distance,2.001569594596789,2.0176307202874284,0.016061125690639333
joint,b FULL,reverse progress,-0.05727522677873291,-0.02480845915618742,0.032466767622545495
joint,b FULL,asymmetry,0.7317159749951458,0.6741500879222947,-0.05756588707285115
joint,b FULL,asymmetry CI low,0.7240405163302078,0.6629511790058893,-0.06108933732431854
joint,b FULL,asymmetry CI high,0.7404332563572681,0.6811970811852195,-0.0592361751720486
joint,b FULL,mixture progress at f=0.50,0.4408188614368522,0.4354160932383965,-0.005402768198455754
joint,b FULL,mixture delta at f=0.50,-34.443006230983826,-34.02949651161998,0.4135097193638444
joint,b FULL,mixture control passes,1.0,1.0,0.0
joint,b MD,forward progress,0.7901113656148799,0.7682727232500088,-0.021838642364871097
joint,b MD,change in distance (delta),17.08796936338901,17.459922736038322,0.37195337264931183
joint,b MD,delta CI low,16.733283929544932,17.1771758686176,0.44389193907266744
joint,b MD,delta CI high,17.419278323459153,17.839562465925326,0.42028414246617274
joint,b MD,final / start distance,2.1706005943801205,2.1884479842463764,0.01784738986625589
joint,b MD,reverse progress,-0.22945373289586363,-0.20784847804323828,0.02160525485262535
joint,b MD,asymmetry,1.0195650985107436,0.9761212012932471,-0.04344389721749653
joint,b MD,asymmetry CI low,1.0093810971540642,0.9491683584983853,-0.06021273865567889
joint,b MD,asymmetry CI high,1.0547054282234858,0.9995288349007436,-0.05517659332274216
joint,b MD,mixture progress at f=0.50,0.38831794054922353,0.3793333219714607,-0.008984618577762837
joint,b MD,mixture delta at f=0.50,-5.142994419554855,-5.1250232801169915,0.017971139437863215
joint,b MD,mixture control passes,1.0,1.0,0.0
joint,c FULL,cosine,0.07724629325885633,0.07783174913068282,0.0005854558718264846
joint,c FULL,change in distance to young GTEx,9.369675854981608,9.407292151287379,0.0376162963057709
joint,c FULL,change in distance to old GTEx,10.857057907390072,10.914692933668618,0.057635026278546775
lu,a,aged day-0 Fibroblast MD score,0.5151367570932331,0.5141624922573577,-0.0009742648358754824
lu,a,aged PartialReprog MD score,0.15752579308739909,0.14584945084551354,-0.011676342241885546
lu,a,young day-0 Fibroblast MD score,0.46880852134227763,0.46826954327063636,-0.0005389780716412718
lu,a,gap (aged d0 - young d0),0.046328235750955515,0.045892948986721305,-0.00043528676423421064
lu,a,drop (aged d0 - aged PartialReprog),0.35761096400583403,0.3683130414118441,0.010702077406010091
lu,a,drop / gap,7.719071495150954,8.025482117490686,0.30641062233973226
lu,a,drop / gap CI low,7.331864573036845,7.5828497907632295,0.2509852177263845
lu,a,drop / gap CI high,8.212028238641178,8.43485246474678,0.22282422610560282
lu,b FULL,forward progress,0.674440748216413,0.6549829957972159,-0.019457752419197116
lu,b FULL,change in distance (delta),130.89356478446803,135.83424192210444,4.940677137636413
lu,b FULL,delta CI low,130.47349301104504,135.89642920999606,5.422936198951021
lu,b FULL,delta CI high,133.9181084903101,139.50979336570038,5.5916848753902855
lu,b FULL,final / start distance,2.001569594596789,2.0269243571426854,0.025354762545896303
lu,b FULL,reverse progress,-0.05727522677873291,-0.03406134407085707,0.02321388270787584
lu,b FULL,asymmetry,0.7317159749951458,0.6890443398680729,-0.04267163512707295
lu,b FULL,asymmetry CI low,0.7240405163302078,0.6746415790532809,-0.0493989372769269
lu,b FULL,asymmetry CI high,0.7404332563572681,0.7209341752690469,-0.019499081088221182
lu,b FULL,mixture progress at f=0.50,0.4408188614368522,0.43112497444841674,-0.009693886988435485
lu,b FULL,mixture delta at f=0.50,-34.443006230983826,-34.332495683488105,0.11051054749572131
lu,b FULL,mixture control passes,1.0,1.0,0.0
lu,b MD,forward progress,0.7901113656148799,0.7426277045067172,-0.04748366110816271
lu,b MD,change in distance (delta),17.08796936338901,17.838689642310854,0.7507202789218432
lu,b MD,delta CI low,16.733283929544932,17.45292738602373,0.7196434564787992
lu,b MD,delta CI high,17.419278323459153,18.524668238524026,1.1053899150648725
lu,b MD,final / start distance,2.1706005943801205,2.1880644369077156,0.01746384252759503
lu,b MD,reverse progress,-0.22945373289586363,-0.19063971883083147,0.038814014065032154
lu,b MD,asymmetry,1.0195650985107436,0.9332674233375486,-0.08629767517319498
lu,b MD,asymmetry CI low,1.0093810971540642,0.9014819738711497,-0.10789912328291451
lu,b MD,asymmetry CI high,1.0547054282234858,1.0266276057211394,-0.02807782250234636
lu,b MD,mixture progress at f=0.50,0.38831794054922353,0.4114789364944878,0.023160995945264273
lu,b MD,mixture delta at f=0.50,-5.142994419554855,-5.360340286867084,-0.21734586731222905
lu,b MD,mixture control passes,1.0,1.0,0.0
lu,c FULL,cosine,0.07724629325885633,0.08150358085893432,0.004257287600077986
lu,c FULL,change in distance to young GTEx,9.369675854981608,15.786652851324504,6.416976996342896
lu,c FULL,change in distance to old GTEx,10.857057907390072,17.398041668208634,6.540983760818563
