variant,space,k,pair,median_factor_norm,n_factors_pooled,n_zero_norm_factors,n_draws,floor_p05,null_median,null_min,null_max,n_perm
V_all,S1,,O1_Y1,20.25425663901084,1836,0,36720000,4.977055048942566,5.391062736511231,4.217709064483643,6.593531131744385,20000
V_all,S1,,O2_Y1,20.25425663901084,1836,0,36720000,-0.5820189237594604,-0.0805810019373893,-1.535298228263855,1.4995731115341189,20000
V_all,S2_k20,20.0,O1_Y1,20.25425663901084,1836,0,36720000,-0.9858194589614868,-0.5345628261566162,-1.737091064453125,1.0433756113052368,20000
V_all,S2_k20,20.0,O1_Y2,20.25425663901084,1836,0,36720000,-0.575804591178894,-0.2751557379961014,-1.2073036432266235,0.908865749835968,20000
V_all,S2_k20,20.0,O2_Y1,20.25425663901084,1836,0,36720000,-0.3131913244724273,-0.072050541639328,-0.8456259369850159,0.7221651673316956,20000
V_all,S2_k20,20.0,O2_Y2,20.25425663901084,1836,0,36720000,-0.277739854156971,-0.039898358285427,-0.8023149371147156,0.7321951985359192,20000
V_all,S2_k50,50.0,O1_Y1,20.25425663901084,1836,0,36720000,-0.8501052349805831,-0.461579754948616,-1.502335548400879,1.021217942237854,20000
V_all,S2_k50,50.0,O1_Y2,20.25425663901084,1836,0,36720000,-0.5107287764549255,-0.2353665977716446,-1.1218852996826172,0.9040557146072388,20000
V_all,S2_k50,50.0,O2_Y1,20.25425663901084,1836,0,36720000,-0.371966065466404,-0.1142044961452484,-0.9461623430252076,0.7854918241500854,20000
V_all,S2_k50,50.0,O2_Y2,20.25425663901084,1836,0,36720000,-0.3416432753205299,-0.0899584628641605,-0.918212115764618,0.7870975732803345,20000
V_all,S2_k100,100.0,O1_Y1,20.25425663901084,1836,0,36720000,-0.7407504320144653,-0.4079323261976242,-1.3455958366394043,1.0184714794158936,20000
V_all,S2_k100,100.0,O1_Y2,20.25425663901084,1836,0,36720000,-0.4498957440257072,-0.1962477266788482,-1.0084046125411987,0.897862434387207,20000
V_all,S2_k100,100.0,O2_Y1,20.25425663901084,1836,0,36720000,-0.5513707399368286,-0.242649994790554,-1.200917363166809,0.8477311730384827,20000
V_all,S2_k100,100.0,O2_Y2,20.25425663901084,1836,0,36720000,-0.5146965980529785,-0.2181388214230537,-1.146552562713623,0.8490088582038879,20000
V_sig,S1,,O1_Y1,3.288905297202538,1836,0,36720000,0.1573805205523967,0.1997212469577789,0.0351396724581718,0.3377183079719543,20000
V_sig,S1,,O2_Y1,3.288905297202538,1836,0,36720000,-0.002014860115014,0.0440810527652502,-0.1412291377782821,0.2174697816371917,20000
V_sig,S2_k20,20.0,O1_Y1,3.288905297202538,1836,0,36720000,-0.0077588419895619,0.0378861017525196,-0.1453845053911209,0.1963240653276443,20000
V_sig,S2_k20,20.0,O1_Y2,3.288905297202538,1836,0,36720000,-0.0213306847959756,0.0212420001626014,-0.1498356461524963,0.1659509241580963,20000
V_sig,S2_k20,20.0,O2_Y1,3.288905297202538,1836,0,36720000,-0.0345982128754258,0.0054964127484709,-0.128542885184288,0.132621094584465,20000
V_sig,S2_k20,20.0,O2_Y2,3.288905297202538,1836,0,36720000,-0.0366388225927949,0.003442124929279,-0.1329945176839828,0.1305780261754989,20000
V_sig,S2_k50,50.0,O1_Y1,3.288905297202538,1836,0,36720000,-0.0095171513967216,0.0349322743713855,-0.1403433084487915,0.1815798878669738,20000
V_sig,S2_k50,50.0,O1_Y2,3.288905297202538,1836,0,36720000,-0.0213330929167568,0.0202470682561397,-0.1459426283836364,0.1650670319795608,20000
V_sig,S2_k50,50.0,O2_Y1,3.288905297202538,1836,0,36720000,-0.0330456720665097,0.0080285482108592,-0.1298148036003112,0.1537517607212066,20000
V_sig,S2_k50,50.0,O2_Y2,3.288905297202538,1836,0,36720000,-0.0344276467338204,0.0064910387154668,-0.1335948556661605,0.1524473130702972,20000
V_sig,S2_k100,100.0,O1_Y1,3.288905297202538,1836,0,36720000,-0.0093733617104589,0.0341645274311304,-0.1334053725004196,0.1779210418462753,20000
V_sig,S2_k100,100.0,O1_Y2,3.288905297202538,1836,0,36720000,-0.0207186564803123,0.0202384795993566,-0.136908546090126,0.1628750264644622,20000
V_sig,S2_k100,100.0,O2_Y1,3.288905297202538,1836,0,36720000,-0.0257159643806517,0.0163413770496845,-0.1335419118404388,0.1657736748456955,20000
V_sig,S2_k100,100.0,O2_Y2,3.288905297202538,1836,0,36720000,-0.0270099845714867,0.0147837502881884,-0.1322162747383117,0.1610828787088394,20000
