celltype,site,r2,mae,n
GABAergic neuron,pooled,0.47651432986563746,10.540353302553806,179
GABAergic neuron,H,0.3022219830459514,10.2720166672509,96
GABAergic neuron,M,0.2499952819845941,10.85071856748247,83
GABAergic neuron,mean_of_sites,0.27610863251527273,10.561367617366685,179
L2/3 intratelencephalic projecting glutamatergic neuron,pooled,0.7654122660248939,6.983920282427797,220
L2/3 intratelencephalic projecting glutamatergic neuron,H,0.7372282976837259,6.278668375866995,112
L2/3 intratelencephalic projecting glutamatergic neuron,M,0.6276607066347918,7.715292629972335,108
L2/3 intratelencephalic projecting glutamatergic neuron,mean_of_sites,0.6824445021592589,6.996980502919665,220
L2/3-6 intratelencephalic projecting glutamatergic neuron,pooled,0.7253058505885355,7.5588141616512585,215
L2/3-6 intratelencephalic projecting glutamatergic neuron,H,0.7055405191534783,6.554855758186263,111
L2/3-6 intratelencephalic projecting glutamatergic neuron,M,0.5458370819582106,8.630346688426398,104
L2/3-6 intratelencephalic projecting glutamatergic neuron,mean_of_sites,0.6256888005558444,7.59260122330633,215
L5/6 near-projecting glutamatergic neuron,pooled,0.31108631416058086,11.962152918289398,124
L5/6 near-projecting glutamatergic neuron,H,0.21235874586864034,11.218743031583923,82
L5/6 near-projecting glutamatergic neuron,M,0.07664337441906166,13.41357222090485,42
L5/6 near-projecting glutamatergic neuron,mean_of_sites,0.144501060143851,12.316157626244387,124
L6 corticothalamic-projecting glutamatergic cortical neuron,pooled,0.44582587956906106,10.97932962995284,153
L6 corticothalamic-projecting glutamatergic cortical neuron,H,0.2685557728229011,10.516230336803336,85
L6 corticothalamic-projecting glutamatergic cortical neuron,M,0.19342436255368112,11.558203746389717,68
L6 corticothalamic-projecting glutamatergic cortical neuron,mean_of_sites,0.2309900676882911,11.037217041596527,153
L6 intratelencephalic projecting glutamatergic neuron,pooled,0.5326309094177839,10.372076023572209,150
L6 intratelencephalic projecting glutamatergic neuron,H,0.4408353286729234,9.378812478881548,86
L6 intratelencephalic projecting glutamatergic neuron,M,0.2234621400773148,11.706773911750284,64
L6 intratelencephalic projecting glutamatergic neuron,mean_of_sites,0.3321487343751191,10.542793195315916,150
L6b glutamatergic neuron of the primary motor cortex,pooled,0.3434685148764005,11.314207754441671,109
L6b glutamatergic neuron of the primary motor cortex,H,0.18051745514171813,10.881017072837789,73
L6b glutamatergic neuron of the primary motor cortex,M,0.05683079764138366,12.19262219213843,36
L6b glutamatergic neuron of the primary motor cortex,mean_of_sites,0.1186741263915509,11.53681963248811,109
VIP GABAergic interneuron,pooled,0.6470818263022515,8.633053584370765,217
VIP GABAergic interneuron,H,0.5425797516651312,8.253999384493492,112
VIP GABAergic interneuron,M,0.46587765798520253,9.037378064239856,105
VIP GABAergic interneuron,mean_of_sites,0.5042287048251668,8.645688724366675,217
astrocyte,pooled,0.6210732496055835,9.08610239758643,229
astrocyte,H,0.4890545953587534,8.824483218662055,117
astrocyte,M,0.49244301945868585,9.359401004141356,112
astrocyte,mean_of_sites,0.4907488074087196,9.091942111401705,229
endothelial cell,pooled,0.2303717082984008,12.439771096874338,160
endothelial cell,H,0.05837530147902836,11.4511950969557,109
endothelial cell,M,-0.0821625795083667,14.552609998661232,51
endothelial cell,mean_of_sites,-0.011893639014669166,13.001902547808466,160
lamp5 GABAergic interneuron,pooled,0.5039312366654758,10.26146857620375,205
lamp5 GABAergic interneuron,H,0.37580762089894515,9.513208893018872,109
lamp5 GABAergic interneuron,M,0.23531947766221717,11.111055091486582,96
lamp5 GABAergic interneuron,mean_of_sites,0.30556354928058116,10.312131992252727,205
microglial cell,pooled,0.35438502696771956,11.69114712704432,219
microglial cell,H,0.11189166223430935,11.549909371516467,112
microglial cell,M,0.15184919102729777,11.838984777690301,107
microglial cell,mean_of_sites,0.13187042663080356,11.694447074603385,219
oligodendrocyte,pooled,0.7284239428519026,7.48165925324433,232
oligodendrocyte,H,0.6372329421091341,7.29306859586378,120
oligodendrocyte,M,0.620529069291327,7.6837206718663476,112
oligodendrocyte,mean_of_sites,0.6288810057002305,7.488394633865064,232
oligodendrocyte precursor cell,pooled,0.5501028031045486,9.882583068251988,232
oligodendrocyte precursor cell,H,0.41232331563699354,9.505246799161508,119
oligodendrocyte precursor cell,M,0.3673271130563277,10.279954891453468,113
oligodendrocyte precursor cell,mean_of_sites,0.3898252143466606,9.892600845307488,232
pericyte,pooled,0.20743596450704394,12.289117097547472,136
pericyte,H,0.052945649230370484,11.71369434352541,90
pericyte,M,0.01920630794666789,13.41494422498193,46
pericyte,mean_of_sites,0.036075978588519186,12.56431928425367,136
perivascular macrophage,pooled,-0.30510835093990085,16.781634936044668,24
perivascular macrophage,H,-0.29990559996364285,15.738353235557224,22
perivascular macrophage,M,,,2
perivascular macrophage,mean_of_sites,-0.29990559996364285,15.738353235557224,24
pvalb GABAergic interneuron,pooled,0.6507493167096214,8.465851146772964,209
pvalb GABAergic interneuron,H,0.5969681595442555,7.610999643602577,110
pvalb GABAergic interneuron,M,0.4195255023536679,9.415686150295615,99
pvalb GABAergic interneuron,mean_of_sites,0.5082468309489617,8.513342896949096,209
smooth muscle cell,pooled,-0.19418688612000423,22.29586746513415,12
smooth muscle cell,H,-0.19418688612000423,22.29586746513415,12
smooth muscle cell,M,,,0
smooth muscle cell,mean_of_sites,-0.19418688612000423,22.29586746513415,12
sst GABAergic interneuron,pooled,0.5650159297604223,9.287801117695102,206
sst GABAergic interneuron,H,0.46858741117940683,8.531039598240312,111
sst GABAergic interneuron,M,0.33037597733065927,10.172017208847537,95
sst GABAergic interneuron,mean_of_sites,0.39948169425503305,9.351528403543924,206
vascular leptomeningeal cell,pooled,0.16655427073140605,13.231116047031769,81
vascular leptomeningeal cell,H,-0.08198996294256689,13.316123293363155,60
vascular leptomeningeal cell,M,-0.03135999238931331,12.988238200370661,21
vascular leptomeningeal cell,mean_of_sites,-0.056674977665940096,13.152180746866907,81
