split,celltype,n_young,n_old,angle_deg,ok,n_donors_young,n_donors_old
within_H,GABAergic neuron,59,37,85.78070936208061,True,75,45
within_H,L2/3 intratelencephalic projecting glutamatergic neuron,70,42,77.15452964894251,True,75,45
within_H,L2/3-6 intratelencephalic projecting glutamatergic neuron,69,42,78.60148418968605,True,75,45
within_H,L5/6 near-projecting glutamatergic neuron,49,33,89.54981025583608,True,75,45
within_H,L6 corticothalamic-projecting glutamatergic cortical neuron,52,33,89.18797237610825,True,75,45
within_H,L6 intratelencephalic projecting glutamatergic neuron,53,33,87.17298044751392,True,75,45
within_H,L6b glutamatergic neuron of the primary motor cortex,41,32,89.42148037366813,True,75,45
within_H,VIP GABAergic interneuron,71,41,82.00108185142189,True,75,45
within_H,astrocyte,72,45,84.68998284113472,True,75,45
within_H,endothelial cell,70,39,89.7922825412107,True,75,45
within_H,lamp5 GABAergic interneuron,69,40,85.90863834418084,True,75,45
within_H,microglial cell,69,43,89.56518947478506,True,75,45
within_H,oligodendrocyte,75,45,82.15247517414454,True,75,45
within_H,oligodendrocyte precursor cell,74,45,86.35681917784653,True,75,45
within_H,pericyte,57,33,89.00040585201397,True,75,45
within_H,perivascular macrophage,10,12,89.28321880428076,True,75,45
within_H,pvalb GABAergic interneuron,70,40,82.76827732816021,True,75,45
within_H,smooth muscle cell,8,4,,False,75,45
within_H,sst GABAergic interneuron,71,40,83.1754813799908,True,75,45
within_H,vascular leptomeningeal cell,36,24,87.54563575161103,True,75,45
within_M,GABAergic neuron,18,65,87.42455445836173,True,27,86
within_M,L2/3 intratelencephalic projecting glutamatergic neuron,25,83,83.01724698009001,True,27,86
within_M,L2/3-6 intratelencephalic projecting glutamatergic neuron,23,81,82.88343924034689,True,27,86
within_M,L5/6 near-projecting glutamatergic neuron,12,30,88.50202251475031,True,27,86
within_M,L6 corticothalamic-projecting glutamatergic cortical neuron,16,52,89.2772172091484,True,27,86
within_M,L6 intratelencephalic projecting glutamatergic neuron,13,51,88.04004194844514,True,27,86
within_M,L6b glutamatergic neuron of the primary motor cortex,7,29,,False,27,86
within_M,VIP GABAergic interneuron,23,82,85.07894649743834,True,27,86
within_M,astrocyte,27,85,87.28559205340584,True,27,86
within_M,endothelial cell,15,36,89.48852523845241,True,27,86
within_M,lamp5 GABAergic interneuron,21,75,87.78873930928505,True,27,86
within_M,microglial cell,25,82,87.6261050683052,True,27,86
within_M,oligodendrocyte,26,86,83.72719070194219,True,27,86
within_M,oligodendrocyte precursor cell,27,86,85.42032080653085,True,27,86
within_M,pericyte,13,33,89.56615502788266,True,27,86
within_M,perivascular macrophage,2,7,,False,27,86
within_M,pvalb GABAergic interneuron,21,78,85.8703476522885,True,27,86
within_M,smooth muscle cell,1,3,,False,27,86
within_M,sst GABAergic interneuron,23,72,86.28626477983522,True,27,86
within_M,vascular leptomeningeal cell,5,16,,False,27,86
balanced,GABAergic neuron,53,57,83.04198803801104,True,72,72
balanced,L2/3 intratelencephalic projecting glutamatergic neuron,66,68,72.98663995020492,True,72,72
balanced,L2/3-6 intratelencephalic projecting glutamatergic neuron,65,68,74.10124647311483,True,72,72
balanced,L5/6 near-projecting glutamatergic neuron,41,42,87.94209561231871,True,72,72
balanced,L6 corticothalamic-projecting glutamatergic cortical neuron,49,48,87.6556059647261,True,72,72
balanced,L6 intratelencephalic projecting glutamatergic neuron,47,47,84.70317917109557,True,72,72
balanced,L6b glutamatergic neuron of the primary motor cortex,31,43,88.08174263218963,True,72,72
balanced,VIP GABAergic interneuron,65,67,79.27795530488099,True,72,72
balanced,astrocyte,69,71,79.65623798321359,True,72,72
balanced,endothelial cell,57,51,89.79738230440833,True,72,72
balanced,lamp5 GABAergic interneuron,62,63,83.7231864290394,True,72,72
balanced,microglial cell,66,67,87.13173081646045,True,72,72
balanced,oligodendrocyte,71,72,77.69086175625377,True,72,72
balanced,oligodendrocyte precursor cell,71,72,82.37691775660531,True,72,72
balanced,pericyte,46,47,88.95747092674401,True,72,72
balanced,perivascular macrophage,7,16,,False,72,72
balanced,pvalb GABAergic interneuron,63,66,79.84754279797755,True,72,72
balanced,smooth muscle cell,7,6,,False,72,72
balanced,sst GABAergic interneuron,66,61,80.67734331682657,True,72,72
balanced,vascular leptomeningeal cell,29,30,89.81951574215796,True,72,72
