cell,kind,n_requested,n_donors,draw,n_boot,n_perm,b_reduced,n_picked,boot_median_angle,transfer_H_to_M,transfer_M_to_H,transfer_H_to_M_null,transfer_M_to_H_null,recovery_angle,elapsed_s,sex_angle_ref,path,pass_transfer,pass_transfer_primary,angle_vs_sex_ref
c3_real_n060_d00,real,60,60,0,20,20,False,60,49.63798359799575,-0.677137418173989,-1.768424670926283,-1.382966599705205,-1.659036006692509,,22.731558561325073,41.3,<repo>\results\posctrl\c3_real_n060_d00.json,False,False,8.337983597995752
c3_real_n060_d01,real,60,60,1,20,20,False,60,49.3921192930696,-1.0681579264096883,-1.1277033138897936,-2.229204078951778,-1.9513808780687085,,20.98217511177063,41.3,<repo>\results\posctrl\c3_real_n060_d01.json,False,False,8.0921192930696
c3_real_n060_d02,real,60,60,2,20,20,False,60,49.828011032905515,-2.05440078231991,-3.2690503401148883,-3.101023283965581,-3.9491639668444813,,22.485987663269043,41.3,<repo>\results\posctrl\c3_real_n060_d02.json,False,False,8.528011032905518
c3_real_n060_d03,real,60,60,3,20,20,False,60,49.141869202888785,-1.7728506641336192,-2.7878314702103513,-2.444728488383487,-3.5511908278024285,,22.04499650001526,41.3,<repo>\results\posctrl\c3_real_n060_d03.json,False,False,7.8418692028887875
c3_real_n060_d04,real,60,60,4,20,20,False,60,47.43627904036954,-0.5226932649417043,-0.5207668017807467,-1.3616069245069045,-1.1545066102966337,,22.15098285675049,41.3,<repo>\results\posctrl\c3_real_n060_d04.json,False,False,6.136279040369544
c3_real_n060_d05,real,60,60,5,20,20,False,60,48.40774934267068,-0.5204100675392063,-1.0283087894128433,-0.7843869446424404,-1.4839709122488711,,22.31342840194702,41.3,<repo>\results\posctrl\c3_real_n060_d05.json,False,False,7.1077493426706795
c3_real_n060_d06,real,60,60,6,20,20,False,60,50.08374008061295,-0.8043805854292813,-1.0159400936046712,-0.9712297463843449,-1.8257139029466534,,22.186500310897827,41.3,<repo>\results\posctrl\c3_real_n060_d06.json,False,False,8.78374008061295
c3_real_n060_d07,real,60,60,7,20,20,False,60,46.69695576760575,-0.4355861986373868,-0.6959889227762192,-1.6342928621828121,-0.9682279893444861,,22.268271684646606,41.3,<repo>\results\posctrl\c3_real_n060_d07.json,False,False,5.396955767605753
c3_real_n060_d08,real,60,60,8,20,20,False,60,50.38210100566871,-1.0041897877192674,-1.5355974235582712,-2.188626839873534,-1.8213465455047604,,21.96769881248474,41.3,<repo>\results\posctrl\c3_real_n060_d08.json,False,False,9.082101005668711
c3_real_n060_d09,real,60,60,9,20,20,False,60,49.36047086254707,-1.32883463268904,-2.3708764914092675,-2.0796230663210644,-2.3661335652558675,,20.884785890579224,41.3,<repo>\results\posctrl\c3_real_n060_d09.json,False,False,8.06047086254707
c3_real_n100_d00,real,100,100,0,20,20,False,100,46.642780848985865,-1.8648356031192694,-1.8679461979616743,-3.1582891285651375,-2.833051251835775,,37.097352504730225,41.3,<repo>\results\posctrl\c3_real_n100_d00.json,False,False,5.342780848985868
c3_real_n100_d01,real,100,100,1,20,20,False,100,46.291203188185364,-0.915180260958548,-0.9911111690388451,-1.527139209435799,-1.8572996593487292,,39.62157154083252,41.3,<repo>\results\posctrl\c3_real_n100_d01.json,False,False,4.9912031881853665
c3_real_n100_d02,real,100,100,2,20,20,False,100,48.8405935306679,-0.6708158034532319,-0.7819778850389255,-1.32913909177533,-1.584971358776616,,38.931559324264526,41.3,<repo>\results\posctrl\c3_real_n100_d02.json,False,False,7.5405935306679055
c3_real_n100_d03,real,100,100,3,20,20,False,100,46.15658332672952,-0.40888348052207146,-0.867338936756895,-1.0502786585578385,-1.5941074468690717,,37.55713963508606,41.3,<repo>\results\posctrl\c3_real_n100_d03.json,False,False,4.85658332672952
c3_real_n100_d04,real,100,100,4,20,20,False,100,47.1613829995311,-0.1795328178883724,-0.17549389870621845,-1.1149532403522187,-1.0171871372174437,,36.057998180389404,41.3,<repo>\results\posctrl\c3_real_n100_d04.json,False,False,5.861382999531102
c3_real_n100_d05,real,100,100,5,20,20,False,100,47.74246645704453,-0.1473223715603379,-0.23837278084935853,-0.9590253526809798,-0.9237048287044918,,35.581220865249634,41.3,<repo>\results\posctrl\c3_real_n100_d05.json,False,False,6.442466457044532
c3_real_n100_d06,real,100,100,6,20,20,False,100,47.109970545304414,-0.6911257663116419,-0.3636270494831101,-2.0012237966259,-1.8242885795349664,,38.39282822608948,41.3,<repo>\results\posctrl\c3_real_n100_d06.json,False,False,5.809970545304417
c3_real_n100_d07,real,100,100,7,20,20,False,100,47.62638379438317,-0.9316317808033894,-1.238905939569402,-2.178131668071973,-1.8647686654184714,,36.70696234703064,41.3,<repo>\results\posctrl\c3_real_n100_d07.json,False,False,6.326383794383176
c3_real_n100_d08,real,100,100,8,20,20,False,100,45.342563986078034,-0.6666134214785698,-0.7102383175608039,-1.7814209556321376,-2.373214027306814,,39.46255683898926,41.3,<repo>\results\posctrl\c3_real_n100_d08.json,False,False,4.0425639860780365
c3_real_n100_d09,real,100,100,9,20,20,False,100,44.520127884846595,-2.1125678669703847,-1.3676606241250773,-3.4943030909912274,-2.3948152883181386,,38.24344444274902,41.3,<repo>\results\posctrl\c3_real_n100_d09.json,False,False,3.2201278848465975
c3_real_n150_d00,real,150,150,0,20,20,False,150,45.72520272064433,-0.5583191751914665,-0.840345377189119,-1.6870201639173998,-1.9176173138821646,,63.416627407073975,41.3,<repo>\results\posctrl\c3_real_n150_d00.json,False,False,4.425202720644336
c3_real_n150_d01,real,150,150,1,20,20,False,150,44.634830603372144,-0.3947368942042324,-0.6443208011647114,-1.4957963063431539,-1.5159833869081032,,65.83574557304382,41.3,<repo>\results\posctrl\c3_real_n150_d01.json,False,False,3.334830603372147
c3_real_n150_d02,real,150,150,2,20,20,False,150,45.332070953473576,-0.8539605629221725,-1.1210001588971443,-1.9012947511939475,-1.8489436916244402,,65.55771589279175,41.3,<repo>\results\posctrl\c3_real_n150_d02.json,False,False,4.032070953473578
c3_real_n150_d03,real,150,150,3,20,20,False,150,45.50975130894723,-0.48518171478914196,-0.486372967056402,-1.4257992329652978,-1.5638037370427764,,66.53145694732666,41.3,<repo>\results\posctrl\c3_real_n150_d03.json,False,False,4.209751308947233
c3_real_n150_d04,real,150,150,4,20,20,False,150,44.756426574302935,-0.19200159990432253,-0.3346648114850548,-1.4346465787680187,-1.472856150920567,,64.6110737323761,41.3,<repo>\results\posctrl\c3_real_n150_d04.json,False,False,3.456426574302938
c3_real_n150_d05,real,150,150,5,20,20,False,150,46.35166574213108,-0.06523525676410924,-0.3379572108125384,-1.2187560727386044,-1.0955639813646605,,68.1958909034729,41.3,<repo>\results\posctrl\c3_real_n150_d05.json,False,False,5.051665742131085
c3_real_n150_d06,real,150,150,6,20,20,False,150,46.27087885228402,-0.2606420185929563,-0.48146086630479445,-1.4761591538837084,-1.499466188169135,,68.8541750907898,41.3,<repo>\results\posctrl\c3_real_n150_d06.json,False,False,4.970878852284024
c3_real_n150_d07,real,150,150,7,20,20,False,150,45.48764883767355,-0.15586853937160194,-0.6112350594258662,-1.1845499716033125,-1.6354078455950656,,65.19067931175232,41.3,<repo>\results\posctrl\c3_real_n150_d07.json,False,False,4.1876488376735495
c3_real_n150_d08,real,150,150,8,20,20,False,150,47.43016752196102,-0.1472925996275909,-0.21472518174091526,-1.0863757099284652,-1.177114329029662,,69.25777006149292,41.3,<repo>\results\posctrl\c3_real_n150_d08.json,False,False,6.13016752196102
c3_real_n150_d09,real,150,150,9,20,20,False,150,45.28434514962676,-0.46939392271550795,-0.9691178640805016,-1.683415645927828,-2.2174195803386474,,63.567962408065796,41.3,<repo>\results\posctrl\c3_real_n150_d09.json,False,False,3.984345149626762
c3_real_n233_d00,real,233,233,0,20,20,False,233,45.07377681100883,-0.12401031967221865,-0.463305482028161,-1.4101336187131237,-1.6022160208464342,,305.1584141254425,41.3,<repo>\results\posctrl\c3_real_n233_d00.json,False,False,3.7737768110088297
c3_planted_n060_d00,planted,60,60,0,10,10,True,60,50.0904365769124,-1.475740319227603,-1.2187470244988758,-2.6039176890826203,-1.6249415157898546,71.59138963835548,11.764304399490356,41.3,<repo>\results\posctrl\c3_planted_n060_d00.json,False,False,8.790436576912406
c3_planted_n060_d01,planted,60,60,1,10,10,True,60,45.98375145451136,-0.8762386031643874,-1.1173779279823193,-1.1176604486401909,-1.6248092066304423,71.80833646662064,12.646105527877808,41.3,<repo>\results\posctrl\c3_planted_n060_d01.json,False,False,4.683751454511366
c3_planted_n060_d02,planted,60,60,2,10,10,True,60,44.343053005907365,-1.1823380047477894,-0.9618679430924912,-1.722246472556399,-1.8806490638109388,70.45499540500208,12.059840679168701,41.3,<repo>\results\posctrl\c3_planted_n060_d02.json,False,False,3.0430530059073675
c3_planted_n060_d03,planted,60,60,3,10,10,True,60,48.019873900757965,-1.6745736863782819,-2.235234444288181,-1.892389395985703,-2.844295468315394,72.23376489475011,12.204434394836426,41.3,<repo>\results\posctrl\c3_planted_n060_d03.json,False,False,6.7198739007579675
c3_planted_n060_d04,planted,60,60,4,10,10,True,60,48.2782322095262,-0.08167483179465451,-0.1279065082931934,-0.946049163091169,-0.6051464510960519,71.47000845042005,11.87222695350647,41.3,<repo>\results\posctrl\c3_planted_n060_d04.json,False,False,6.978232209526205
c3_planted_n060_d05,planted,60,60,5,10,10,True,60,50.74208997007976,-1.0350090529808276,-0.7379024001513672,-1.6960994584207305,-1.153241102248338,72.9819725789902,11.095947980880737,41.3,<repo>\results\posctrl\c3_planted_n060_d05.json,False,False,9.442089970079763
c3_planted_n060_d06,planted,60,60,6,10,10,True,60,52.19731926768233,-0.5324384073432573,-0.8557194243326407,-1.3952468900526607,-1.0053468062248798,72.3996708052366,12.119069576263428,41.3,<repo>\results\posctrl\c3_planted_n060_d06.json,False,False,10.897319267682334
c3_planted_n060_d07,planted,60,60,7,10,10,True,60,48.553114074502474,-1.2878500954598628,-1.5397038631844215,-2.2324409460884156,-1.6472849827874008,71.38596699564737,12.01336145401001,41.3,<repo>\results\posctrl\c3_planted_n060_d07.json,False,False,7.253114074502477
c3_planted_n060_d08,planted,60,60,8,10,10,True,60,51.45953170686112,-0.9127640416927367,-1.013596713977367,-1.6656528276813962,-1.278793696048361,72.48906053660083,11.51540994644165,41.3,<repo>\results\posctrl\c3_planted_n060_d08.json,False,False,10.159531706861124
c3_planted_n060_d09,planted,60,60,9,10,10,True,60,50.00875564397133,-0.6935609948882024,-1.053505935402093,-1.4751906608335947,-1.9524833443171132,74.16711594335388,11.318018674850464,41.3,<repo>\results\posctrl\c3_planted_n060_d09.json,False,False,8.70875564397133
c3_planted_n100_d00,planted,100,100,0,10,10,True,100,45.920735653992736,-0.21371159422138053,-0.2005613970033261,-1.2083130155882666,-1.4441870569664244,65.42821975823944,20.90182638168335,41.3,<repo>\results\posctrl\c3_planted_n100_d00.json,False,False,4.620735653992739
c3_planted_n100_d01,planted,100,100,1,10,10,True,100,43.895221731786386,-1.0836502381879876,-0.8376354427533399,-1.7635642718426658,-2.6154088680188496,66.83000787669695,20.2446072101593,41.3,<repo>\results\posctrl\c3_planted_n100_d01.json,False,False,2.5952217317863884
c3_planted_n100_d02,planted,100,100,2,10,10,True,100,43.39119405088488,-1.1837409692791074,-1.0066460472398284,-2.3075712474128656,-1.59914883345945,66.81538314566218,19.87623405456543,41.3,<repo>\results\posctrl\c3_planted_n100_d02.json,False,False,2.09119405088488
c3_planted_n100_d03,planted,100,100,3,10,10,True,100,42.646961384548966,-0.8074468035510445,-1.149528690182914,-1.27231543169088,-1.2751435178854094,68.776885093211,19.69334840774536,41.3,<repo>\results\posctrl\c3_planted_n100_d03.json,False,False,1.346961384548969
c3_planted_n100_d04,planted,100,100,4,10,10,True,100,46.155713683319796,-1.2847690682429755,-1.3092828755215489,-2.50426311501087,-2.0904825882075695,66.76566937004858,19.814781188964844,41.3,<repo>\results\posctrl\c3_planted_n100_d04.json,False,False,4.855713683319799
c3_planted_n100_d05,planted,100,100,5,10,10,True,100,45.596467592125016,-0.9015699651062803,-0.8094039625590561,-1.5484116629474514,-2.7413732519075795,67.46127893540574,19.701392650604248,41.3,<repo>\results\posctrl\c3_planted_n100_d05.json,False,False,4.296467592125019
c3_planted_n100_d06,planted,100,100,6,10,10,True,100,47.42362394356448,-0.9372621352438163,-1.1497328451000637,-1.6400909397208217,-2.105720835525114,70.8230907745145,18.488001346588135,41.3,<repo>\results\posctrl\c3_planted_n100_d06.json,False,False,6.123623943564482
c3_planted_n100_d07,planted,100,100,7,10,10,True,100,46.672195941294866,-0.7628345729892891,-0.6807944142444431,-1.8422048400183406,-1.8035520503153055,69.43232372309114,19.776647806167603,41.3,<repo>\results\posctrl\c3_planted_n100_d07.json,False,False,5.372195941294869
c3_planted_n100_d08,planted,100,100,8,10,10,True,100,47.51037116751299,-1.099836518857101,-1.3128641821910214,-2.845018676430722,-1.6614371584705112,69.13550970835362,19.286885023117065,41.3,<repo>\results\posctrl\c3_planted_n100_d08.json,False,False,6.210371167512996
c3_planted_n100_d09,planted,100,100,9,10,10,True,100,43.70974979916155,-0.35440999376891336,-0.8264905341212101,-1.2892128083360346,-1.6020761418853002,66.99544347810861,18.71465563774109,41.3,<repo>\results\posctrl\c3_planted_n100_d09.json,False,False,2.4097497991615526
c3_planted_n150_d00,planted,150,150,0,10,10,True,150,44.74087913432575,-0.059240249666237976,-0.7270154836173054,-1.187443251800601,-1.18440499140658,64.67007086957605,30.772870302200317,41.3,<repo>\results\posctrl\c3_planted_n150_d00.json,False,False,3.4408791343257548
c3_planted_n150_d01,planted,150,150,1,10,10,True,150,39.31377023322781,-0.4731115101518364,-0.4523089627971696,-1.9419008148328445,-1.404861106733088,62.2313013483502,32.08951783180237,41.3,<repo>\results\posctrl\c3_planted_n150_d01.json,False,False,-1.9862297667721904
c3_planted_n150_d02,planted,150,150,2,10,10,True,150,40.65193309709262,-0.16933321550204927,-0.364997530601203,-1.3139530479472943,-1.4655279404009645,63.75139319644588,32.56027817726135,41.3,<repo>\results\posctrl\c3_planted_n150_d02.json,False,False,-0.6480669029073738
c3_planted_n150_d03,planted,150,150,3,10,10,True,150,43.675151789677884,-0.21556185570991637,-0.5156783948539748,-1.3075779972310941,-1.9498020585024556,63.95936873999103,33.807589530944824,41.3,<repo>\results\posctrl\c3_planted_n150_d03.json,False,False,2.3751517896778864
c3_planted_n150_d04,planted,150,150,4,10,10,True,150,43.83894759965693,-1.0918414885925514,-1.520047658772837,-2.0242702239584855,-2.349002614477244,64.9518439630448,32.98429584503174,41.3,<repo>\results\posctrl\c3_planted_n150_d04.json,False,False,2.538947599656936
c3_planted_n150_d05,planted,150,150,5,10,10,True,150,42.22615753423671,-0.5080643280931159,-0.4896082484450708,-1.7715145512194848,-1.7962870347218853,63.14221620964994,34.55233430862427,41.3,<repo>\results\posctrl\c3_planted_n150_d05.json,False,False,0.9261575342367152
c3_planted_n150_d06,planted,150,150,6,10,10,True,150,44.705904969751586,-0.9321427478810143,-1.155136668940893,-1.5116383976195515,-2.2265858206968487,64.92566384226852,28.72304677963257,41.3,<repo>\results\posctrl\c3_planted_n150_d06.json,False,False,3.405904969751589
c3_planted_n150_d07,planted,150,150,7,10,10,True,150,39.53585555437519,-0.8275535078103327,-0.8850534573931146,-2.278710108435954,-1.9746301228106937,62.22998995731462,35.867021560668945,41.3,<repo>\results\posctrl\c3_planted_n150_d07.json,False,False,-1.764144445624808
c3_planted_n150_d08,planted,150,150,8,10,10,True,150,44.050938587797944,-0.17418615618408584,-0.13546817793004728,-1.5140999027949205,-1.2557680040427461,62.44637451376187,36.352235317230225,41.3,<repo>\results\posctrl\c3_planted_n150_d08.json,False,False,2.750938587797947
c3_planted_n150_d09,planted,150,150,9,10,10,True,150,42.20058188262027,-0.7987685308422507,-0.8092328865166322,-2.585706640175746,-1.8323245861072786,61.31178370526221,36.32244610786438,41.3,<repo>\results\posctrl\c3_planted_n150_d09.json,False,False,0.9005818826202727
c3_planted_n233_d00,planted,233,233,0,10,10,True,233,41.1913944240051,-0.08741143846402355,-0.4148615968605822,-1.7374077865949669,-1.6132943150035703,58.25824021790141,121.86841654777527,41.3,<repo>\results\posctrl\c3_planted_n233_d00.json,False,False,-0.1086055759949005
