celltype,n_boot_ok,n_boot,median_pairwise_deg,n_pairs,recovery_angle_deg,support_frac_top200
GABAergic neuron,10,10,47.34080328669117,45,73.14477931220488,
L2/3 intratelencephalic projecting glutamatergic neuron,10,10,44.7188821261775,45,61.58034261493282,
L2/3-6 intratelencephalic projecting glutamatergic neuron,10,10,48.019873900757965,45,63.72997206560355,
L5/6 near-projecting glutamatergic neuron,10,10,47.43687374767037,45,79.19112340780498,
L6 corticothalamic-projecting glutamatergic cortical neuron,10,10,50.92589746247273,45,76.5283873852699,
L6 intratelencephalic projecting glutamatergic neuron,10,10,49.979635313612064,45,72.04391501143292,
L6b glutamatergic neuron of the primary motor cortex,10,10,50.17880699374873,45,77.63353650891686,
VIP GABAergic interneuron,10,10,45.981765034198126,45,66.82413640896601,
astrocyte,10,10,45.846171534110155,45,68.30269111922775,
endothelial cell,10,10,48.437367880846274,45,81.42672272939643,
lamp5 GABAergic interneuron,10,10,48.469823269602564,45,71.37019434633655,
microglial cell,10,10,46.51914986956151,45,76.01245041390047,
oligodendrocyte,10,10,44.63563434104722,45,62.53044216911325,
oligodendrocyte precursor cell,10,10,47.0336276304103,45,69.52291162386197,
pericyte,10,10,48.02134520054496,45,82.99049013464236,
perivascular macrophage,10,10,52.2935481995052,45,86.08607784736097,
pvalb GABAergic interneuron,10,10,48.16058723956398,45,66.63359364645686,
smooth muscle cell,1,10,,0,87.7747946489524,
sst GABAergic interneuron,10,10,45.54373118455895,45,68.71628295410747,
vascular leptomeningeal cell,10,10,49.16658715104743,45,83.78263423745528,
