beta,cheap_r2,abs_err
0.0001,-0.17398001389288098,0.673980013892881
0.00031438217715318214,-0.1945184473506789,0.6945184473506789
0.000988361533115748,-0.24397471726587705,0.743974717265877
0.0031072325059538614,-0.1587866867751473,0.6587866867751473
0.00976858520142912,-0.23834257425413274,0.7383425742541327
0.030710690833316463,-0.13693620272881024,0.6369362027288102
0.09654893846056303,-0.1454123967820795,0.6454123967820795
0.3035326547506041,0.11049840531927008,0.3895015946807299
0.954252568375801,0.8490113518455364,0.34901135184553644
