celltype,n_te,n_tr,r2,r,rho,cal_r2,train_site,test_site
GABAergic neuron,33,46,-1.2788128718554148,0.6984712282606217,0.7000758461491374,0.4878620567079013,H,M
L2/3 intratelencephalic projecting glutamatergic neuron,45,50,-0.20113231657685127,0.7080364623745613,0.7166858276951079,0.5013156320518841,H,M
L2/3-6 intratelencephalic projecting glutamatergic neuron,42,49,-0.2900881780058051,0.7738240770851391,0.763611302519658,0.5988037022766672,H,M
L5/6 near-projecting glutamatergic neuron,19,40,-0.7031662614264467,0.6894609679427163,0.7431864040247241,0.4753564263165072,H,M
L6 corticothalamic-projecting glutamatergic cortical neuron,27,40,-1.3100733136273877,0.4865135052513775,0.4924310083237285,0.23669539079198232,H,M
L6 intratelencephalic projecting glutamatergic neuron,28,39,-1.1185163774328202,0.520874421554846,0.5540941664237762,0.2713101630300957,H,M
L6b glutamatergic neuron of the primary motor cortex,17,34,-0.9989865511719298,0.5724671329757097,0.5362890140215021,0.3277186183374291,H,M
VIP GABAergic interneuron,43,49,-1.227006884082448,0.6593771338389047,0.646294559731545,0.4347782046296088,H,M
astrocyte,48,51,-0.7779203249323092,0.5849817883510682,0.6180025738492416,0.34220369270241413,H,M
endothelial cell,22,49,-3.1292307095013197,-0.0034784682205658236,0.10938016975290597,1.2099741161342159e-05,H,M
lamp5 GABAergic interneuron,40,48,-1.634194959810603,0.4326598501293714,0.4198562038329133,0.18719454591397022,H,M
microglial cell,45,50,-1.527763902252667,0.2730031324894524,0.2298254529239991,0.07453071034905323,H,M
oligodendrocyte,47,52,-0.3574430882165871,0.6400478774164067,0.6936112479403391,0.40966128538524804,H,M
oligodendrocyte precursor cell,48,52,-0.8251223437721513,0.5686830872686655,0.5899016652582075,0.32340045374542037,H,M
pericyte,15,42,-1.0836502381879876,0.3017844618940959,0.3521002299625608,0.09107386144070906,H,M
perivascular macrophage,6,11,-1.209723590605544,-0.548697723489048,-0.20291986247835697,0.3010691917620626,H,M
pvalb GABAergic interneuron,40,47,-0.9604828349363974,0.6758232835772243,0.6974727219517205,0.45673711062510136,H,M
smooth muscle cell,0,3,,,,,H,M
sst GABAergic interneuron,37,48,-0.7910509748533185,0.7159690802679687,0.7021324900169372,0.5126117238997605,H,M
vascular leptomeningeal cell,7,28,-1.4141397345587463,-0.16956687401622625,-0.2882999880625789,0.02875292476363478,H,M
GABAergic neuron,46,33,-1.6637655180538036,0.38701221185521495,0.36570783376854815,0.14977845212506602,M,H
L2/3 intratelencephalic projecting glutamatergic neuron,50,45,0.15241542260748875,0.7285865879174974,0.7405612958569003,0.5308384160932615,M,H
L2/3-6 intratelencephalic projecting glutamatergic neuron,49,42,-0.07075929711577444,0.6327991688493628,0.6582404406179736,0.4004347880964446,M,H
L5/6 near-projecting glutamatergic neuron,40,19,-0.6248543194341252,0.5026695098808712,0.5259799473086821,0.2526766361638755,M,H
L6 corticothalamic-projecting glutamatergic cortical neuron,40,27,-1.7468406927406175,0.39969451845484877,0.463048420575695,0.15975570808285322,M,H
L6 intratelencephalic projecting glutamatergic neuron,39,28,-1.2383947572547802,0.4399418046920187,0.4139783417929581,0.19354879151567028,M,H
L6b glutamatergic neuron of the primary motor cortex,34,17,-1.4644856379597422,0.34485081336750717,0.3685580386198599,0.11892208348023126,M,H
VIP GABAergic interneuron,49,43,-0.6929798961690568,0.5710348958537466,0.5731508031865922,0.3260808522826989,M,H
astrocyte,51,48,-0.6709371297694813,0.6707824296510478,0.7497285684339235,0.4499490679285628,M,H
endothelial cell,49,22,-2.2837460150629005,0.00223199072331945,0.007864569554395781,4.98178258900861e-06,M,H
lamp5 GABAergic interneuron,48,40,-1.1335121373641357,0.4445215052257961,0.47671853709513806,0.19759936860820781,M,H
microglial cell,50,45,-1.5255273527484339,0.32277364054430624,0.38100519005578753,0.1041828230302253,M,H
oligodendrocyte,52,47,-0.44873333688472794,0.7120380810987329,0.7168282628917924,0.5069982289347658,M,H
oligodendrocyte precursor cell,52,48,-0.8376354427533399,0.6103638844515203,0.6162065451168521,0.37254407144274904,M,H
pericyte,42,15,-1.8407863551754167,0.06380961643211494,0.12883868854565184,0.00407166714921392,M,H
perivascular macrophage,11,6,,,,,M,H
pvalb GABAergic interneuron,47,40,-0.37607334195434294,0.6208559824370449,0.6031776685166107,0.38546215092786795,M,H
smooth muscle cell,3,0,,,,,M,H
sst GABAergic interneuron,48,37,-0.6937546236866927,0.47206543242056126,0.5343912150077978,0.22284577248641124,M,H
vascular leptomeningeal cell,28,7,,,,,M,H
