sample,donor,title,age_years,age_source,exclude_reason
GSM3124645,GSM3124645,101_19yr_Female_Caucasian,19.0,Sample_characteristics_ch1:age,
GSM3124646,GSM3124646,102_19yr_Male_Caucasian,19.0,Sample_characteristics_ch1:age,
GSM3124647,GSM3124647,103_19yr_Male_Caucasian,19.0,Sample_characteristics_ch1:age,
GSM3124648,GSM3124648,104_19yr_Male_Caucasian,19.0,Sample_characteristics_ch1:age,
GSM3124649,GSM3124649,105_20yr_Male_Caucasian,20.0,Sample_characteristics_ch1:age,
GSM3124650,GSM3124650,106_20yr_Female_Caucasian,20.0,Sample_characteristics_ch1:age,
GSM3124651,GSM3124651,107_31yr_Female_Caucasian,31.0,Sample_characteristics_ch1:age,
GSM3124652,GSM3124652,108_31_female_Caucasian,31.0,Sample_characteristics_ch1:age,
GSM3124653,GSM3124653,109_32_male_Unknown,32.0,Sample_characteristics_ch1:age,
GSM3124654,GSM3124654,110_32_female_BlackPuertoRican,32.0,Sample_characteristics_ch1:age,
GSM3124655,GSM3124655,111_33yr_Male_Caucasian,33.0,Sample_characteristics_ch1:age,
GSM3124656,GSM3124656,112_33yr_Male_Caucasian,33.0,Sample_characteristics_ch1:age,
GSM3124657,GSM3124657,114_37yr_Female_Unknown,37.0,Sample_characteristics_ch1:age,
GSM3124658,GSM3124658,115_37yr_Female_Unknown,37.0,Sample_characteristics_ch1:age,
GSM3124659,GSM3124659,117_37yr_Male_Caucasian,37.0,Sample_characteristics_ch1:age,
GSM3124660,GSM3124660,118_39yr_Male_Caucasian,39.0,Sample_characteristics_ch1:age,
GSM3124661,GSM3124661,120_51yr_Male_Caucasian,51.0,Sample_characteristics_ch1:age,
GSM3124662,GSM3124662,121_52yr_Male_Caucasian,52.0,Sample_characteristics_ch1:age,
GSM3124663,GSM3124663,122_55yr_Male_Caucasian,55.0,Sample_characteristics_ch1:age,
GSM3124664,GSM3124664,123_57_male_Caucasian,57.0,Sample_characteristics_ch1:age,
GSM3124665,GSM3124665,124_60yr_Male_Caucasian,60.0,Sample_characteristics_ch1:age,
GSM3124666,GSM3124666,125_71yr_Female_Caucasian,71.0,Sample_characteristics_ch1:age,
GSM3124667,GSM3124667,126_75_male_Caucasian,75.0,Sample_characteristics_ch1:age,
GSM3124668,GSM3124668,127_78yr_Male_Caucasian,78.0,Sample_characteristics_ch1:age,
GSM3124669,GSM3124669,128_80yr_Female_Caucasian,80.0,Sample_characteristics_ch1:age,
GSM3124670,GSM3124670,129_94_Male_Caucasian,94.0,Sample_characteristics_ch1:age,
GSM3124671,GSM3124671,130_89_Male_Caucasian,89.0,Sample_characteristics_ch1:age,
GSM3124672,GSM3124672,131_87_Male_Caucasian,87.0,Sample_characteristics_ch1:age,
GSM3124673,GSM3124673,132_90_Male_Caucasian,90.0,Sample_characteristics_ch1:age,
GSM3124674,GSM3124674,133_89_Male_Caucasian,89.0,Sample_characteristics_ch1:age,
GSM3124675,GSM3124675,134_86_Male_Caucasian,86.0,Sample_characteristics_ch1:age,
GSM3124676,GSM3124676,135_92_Male_Caucasian,92.0,Sample_characteristics_ch1:age,
GSM3124677,GSM3124677,136_87_Male_Caucasian,87.0,Sample_characteristics_ch1:age,
GSM3124693,GSM3124693,139_8_Female-HGPS_Caucasian,8.0,Sample_characteristics_ch1:age,age<18
GSM3124694,GSM3124694,141_8_Male-HGPS_Unknown,8.0,Sample_characteristics_ch1:age,age<18
GSM3124560,GSM3124560,14_1yr_Male_Asian,1.0,Sample_characteristics_ch1:age,age<18
GSM3124561,GSM3124561,15_12yr_Male_Caucasian,12.0,Sample_characteristics_ch1:age,age<18
GSM3124678,GSM3124678,155_22yr_Male_Caucasian,22.0,Sample_characteristics_ch1:age,
GSM3124679,GSM3124679,156_25yr_Female_Caucasian,25.0,Sample_characteristics_ch1:age,
GSM3124680,GSM3124680,157_29yr_Male_Unknown,29.0,Sample_characteristics_ch1:age,
GSM3124681,GSM3124681,158_24YR_Male_Caucasian,24.0,Sample_characteristics_ch1:age,
GSM3124682,GSM3124682,159_23YR_Male_AmericanIndian,23.0,Sample_characteristics_ch1:age,
GSM3124683,GSM3124683,160_26yr_Female_Asian,26.0,Sample_characteristics_ch1:age,
GSM3124684,GSM3124684,162_21YR_Male_Caucasian,21.0,Sample_characteristics_ch1:age,
GSM3124562,GSM3124562,16_24YR_Female_Caucasian,24.0,Sample_characteristics_ch1:age,
GSM3124685,GSM3124685,163_67YR_Female_Black,67.0,Sample_characteristics_ch1:age,
GSM3124686,GSM3124686,164_67YR_Female_Filipino,67.0,Sample_characteristics_ch1:age,
GSM3124687,GSM3124687,165_68YR_Male_Unknown,68.0,Sample_characteristics_ch1:age,
GSM3124688,GSM3124688,166_82yr_Female_Caucasian,82.0,Sample_characteristics_ch1:age,
GSM3124689,GSM3124689,167_66yr_Male_Black,66.0,Sample_characteristics_ch1:age,
GSM3124690,GSM3124690,168_68YR_Male_Caucasian,68.0,Sample_characteristics_ch1:age,
GSM3124691,GSM3124691,169_70yr_Male_Caucasian,70.0,Sample_characteristics_ch1:age,
GSM3124692,GSM3124692,170_69yr_Male_Caucasian,69.0,Sample_characteristics_ch1:age,
GSM3124563,GSM3124563,17_25YR_Male_caucasian,25.0,Sample_characteristics_ch1:age,
GSM3124564,GSM3124564,18_25YR_Female_caucasian,25.0,Sample_characteristics_ch1:age,
GSM3124565,GSM3124565,19_26YR_Male_Caucasian,26.0,Sample_characteristics_ch1:age,
GSM3124695,GSM3124695,197_2yr3mos_F_Unknown,,nan,no stated age
GSM3124696,GSM3124696,198_3yr9mos_F_Unknown,,nan,no stated age
GSM3124697,GSM3124697,199_4yr8mos_F_Unknown,,nan,no stated age
GSM3124698,GSM3124698,200_8yr6mos_M_Unknown,,nan,no stated age
GSM3124699,GSM3124699,201_6ys11mos_F_Unknown,,nan,no stated age
GSM3124700,GSM3124700,202_5yr0mos_F_Unknown,,nan,no stated age
GSM3124566,GSM3124566,20_26YR_Female_Caucasian,26.0,Sample_characteristics_ch1:age,
GSM3124701,GSM3124701,203_8yr10mos_M_Unknown,,nan,no stated age
GSM3124702,GSM3124702,204_3yr0mos_F_Unknown,,nan,no stated age
GSM3124567,GSM3124567,21_28YR_Male_Caucasian,28.0,Sample_characteristics_ch1:age,
GSM3124568,GSM3124568,22_29YR_Male_Caucasian,29.0,Sample_characteristics_ch1:age,
GSM3124569,GSM3124569,23_29YR_Male_Caucasian,29.0,Sample_characteristics_ch1:age,
GSM3124570,GSM3124570,24_30YR_Male_Caucasian,30.0,Sample_characteristics_ch1:age,
GSM3124571,GSM3124571,25_30YR_Female_Caucasian,30.0,Sample_characteristics_ch1:age,
GSM3124572,GSM3124572,26_30YR_Male_Caucasian,30.0,Sample_characteristics_ch1:age,
GSM3124573,GSM3124573,27_30YR_Male_Caucasian,30.0,Sample_characteristics_ch1:age,
GSM3124574,GSM3124574,28_43yr_Female_Caucasian,43.0,Sample_characteristics_ch1:age,
GSM3124575,GSM3124575,29_44yr_Male_Caucasian,44.0,Sample_characteristics_ch1:age,
GSM3124576,GSM3124576,30_41yr_Male_Caucasian,41.0,Sample_characteristics_ch1:age,
GSM3124577,GSM3124577,31_47yr_Male_Caucasian,47.0,Sample_characteristics_ch1:age,
GSM3124578,GSM3124578,32_50yr_Female_Caucasian,50.0,Sample_characteristics_ch1:age,
GSM3124579,GSM3124579,33_46yr_Male_Caucasian,46.0,Sample_characteristics_ch1:age,
GSM3124580,GSM3124580,34_50yr_Male_Caucasian,50.0,Sample_characteristics_ch1:age,
GSM3124581,GSM3124581,35_42yr_Female_Caucasian,42.0,Sample_characteristics_ch1:age,
GSM3124582,GSM3124582,36_47yr_Male_Caucasian,47.0,Sample_characteristics_ch1:age,
GSM3124583,GSM3124583,37_41yr_Female_Caucasian,41.0,Sample_characteristics_ch1:age,
GSM3124584,GSM3124584,38_43yr_Male_Caucasian,43.0,Sample_characteristics_ch1:age,
GSM3124585,GSM3124585,39_44yr_Male_Caucasian,44.0,Sample_characteristics_ch1:age,
GSM3124586,GSM3124586,40_45yr_Male_Caucasian,45.0,Sample_characteristics_ch1:age,
GSM3124587,GSM3124587,41_46yr_Male_Caucasian,46.0,Sample_characteristics_ch1:age,
GSM3124588,GSM3124588,42_46yr_Male_Caucasian,46.0,Sample_characteristics_ch1:age,
GSM3124589,GSM3124589,43_47yr_Male_Caucasian,47.0,Sample_characteristics_ch1:age,
GSM3124590,GSM3124590,44_61YR_Male_Caucasian,61.0,Sample_characteristics_ch1:age,
GSM3124591,GSM3124591,45_62YR_Female_Caucasian,62.0,Sample_characteristics_ch1:age,
GSM3124592,GSM3124592,46_62YR_Female_Caucasian,62.0,Sample_characteristics_ch1:age,
GSM3124593,GSM3124593,47_63YR_Male_Caucasian,63.0,Sample_characteristics_ch1:age,
GSM3124594,GSM3124594,48_64YR_Male_Caucasian,64.0,Sample_characteristics_ch1:age,
GSM3124595,GSM3124595,49_66YR_Male_Caucasian,66.0,Sample_characteristics_ch1:age,
GSM3124596,GSM3124596,50_67YR_Male_Caucasian,67.0,Sample_characteristics_ch1:age,
GSM3124597,GSM3124597,51_67YR_Male_Caucasian,67.0,Sample_characteristics_ch1:age,
GSM3124598,GSM3124598,52_68YR_Male_Caucasian,68.0,Sample_characteristics_ch1:age,
GSM3124599,GSM3124599,53_68YR_Male_Caucasian,68.0,Sample_characteristics_ch1:age,
GSM3124600,GSM3124600,54_69YR_Male_Caucasian,69.0,Sample_characteristics_ch1:age,
GSM3124601,GSM3124601,55_69YR_Female_Caucasian,69.0,Sample_characteristics_ch1:age,
GSM3124602,GSM3124602,56_83_Male_Caucasian,83.0,Sample_characteristics_ch1:age,
GSM3124603,GSM3124603,57_83_Male_Caucasian,83.0,Sample_characteristics_ch1:age,
GSM3124604,GSM3124604,58_83_Male_Caucasian,83.0,Sample_characteristics_ch1:age,
GSM3124605,GSM3124605,59_84_Female_Caucasian,84.0,Sample_characteristics_ch1:age,
GSM3124606,GSM3124606,60_84_Male_Caucasian,84.0,Sample_characteristics_ch1:age,
GSM3124607,GSM3124607,61_84_Female_Caucasian,84.0,Sample_characteristics_ch1:age,
GSM3124608,GSM3124608,62_84_Male_Caucasian,84.0,Sample_characteristics_ch1:age,
GSM3124609,GSM3124609,63_84_Male_Caucasian,84.0,Sample_characteristics_ch1:age,
GSM3124610,GSM3124610,64_84_Male_Caucasian,84.0,Sample_characteristics_ch1:age,
GSM3124611,GSM3124611,65_84_Male_Caucasian,84.0,Sample_characteristics_ch1:age,
GSM3124612,GSM3124612,66_86_Male_CaucasianSardinian,86.0,Sample_characteristics_ch1:age,
GSM3124613,GSM3124613,67_86_Male_caucasian,86.0,Sample_characteristics_ch1:age,
GSM3124614,GSM3124614,68_86_Male_caucasian,86.0,Sample_characteristics_ch1:age,
GSM3124615,GSM3124615,69_87_Female_caucasian,87.0,Sample_characteristics_ch1:age,
GSM3124616,GSM3124616,70_87_Male_caucasian,87.0,Sample_characteristics_ch1:age,
GSM3124617,GSM3124617,71_87_Male_caucasian,87.0,Sample_characteristics_ch1:age,
GSM3124618,GSM3124618,72_87_Male_Black,87.0,Sample_characteristics_ch1:age,
GSM3124619,GSM3124619,73_88_Male_Caucasian,88.0,Sample_characteristics_ch1:age,
GSM3124620,GSM3124620,74_89_Male_Caucasian,89.0,Sample_characteristics_ch1:age,
GSM3124621,GSM3124621,75_90_Male_Caucasian,90.0,Sample_characteristics_ch1:age,
GSM3124622,GSM3124622,76_91_Male_Caucasian,91.0,Sample_characteristics_ch1:age,
GSM3124623,GSM3124623,77_92_Female_Caucasian,92.0,Sample_characteristics_ch1:age,
GSM3124624,GSM3124624,78_96_Male_Caucasian,96.0,Sample_characteristics_ch1:age,
GSM3124625,GSM3124625,79_1_male_Caucasian,1.0,Sample_characteristics_ch1:age,age<18
GSM3124626,GSM3124626,80_2_female_Caucasian,2.0,Sample_characteristics_ch1:age,age<18
GSM3124627,GSM3124627,81_3_male_LatinoHispanic,3.0,Sample_characteristics_ch1:age,age<18
GSM3124628,GSM3124628,82_3_male_Unknown,3.0,Sample_characteristics_ch1:age,age<18
GSM3124629,GSM3124629,83_5yr_Male_Black,5.0,Sample_characteristics_ch1:age,age<18
GSM3124630,GSM3124630,84_6yr_Male_Black,6.0,Sample_characteristics_ch1:age,age<18
GSM3124631,GSM3124631,85_7yr_Male_Black,7.0,Sample_characteristics_ch1:age,age<18
GSM3124632,GSM3124632,86_7yr_Male_Caucasian,7.0,Sample_characteristics_ch1:age,age<18
GSM3124633,GSM3124633,87_8yr_Male_Caucasian,8.0,Sample_characteristics_ch1:age,age<18
GSM3124634,GSM3124634,88_8yr_Male_Caucasian,8.0,Sample_characteristics_ch1:age,age<18
GSM3124635,GSM3124635,89_9yr_Female_Black,9.0,Sample_characteristics_ch1:age,age<18
GSM3124636,GSM3124636,90_10yr_Male_Black,10.0,Sample_characteristics_ch1:age,age<18
GSM3124637,GSM3124637,91_10yr_Male_Caucasian,10.0,Sample_characteristics_ch1:age,age<18
GSM3124638,GSM3124638,92_11_female_Caucasian,11.0,Sample_characteristics_ch1:age,age<18
GSM3124639,GSM3124639,93_11_female_Caucasian,11.0,Sample_characteristics_ch1:age,age<18
GSM3124640,GSM3124640,94_12_male_Caucasian,12.0,Sample_characteristics_ch1:age,age<18
GSM3124641,GSM3124641,95_13yr_Male_WhiTEEASTINDIAN,13.0,Sample_characteristics_ch1:age,age<18
GSM3124642,GSM3124642,97_16yr_Female_Unknown,16.0,Sample_characteristics_ch1:age,age<18
GSM3124643,GSM3124643,98_17yr_Male_Caucasian,17.0,Sample_characteristics_ch1:age,age<18
GSM3124644,GSM3124644,99_17yr_Male_Caucasian,17.0,Sample_characteristics_ch1:age,age<18
