perm,median_angle_deg,median_proj_r2
0,84.25478300850884,0.010028531034621408
1,84.72940628094328,0.008442921402503446
2,85.50671221868063,0.006139424294565198
3,84.10973541937184,0.010553449165647098
4,84.90615166608019,0.007909029230570344
5,84.75173047320968,0.008376980204837368
6,85.35306258867928,0.006566476754224582
7,85.35498959489294,0.00656068080281072
8,84.51283116997325,0.009145540577340641
9,85.22556655166453,0.00693974877180412
10,85.12223533171868,0.0072432950071182525
11,84.64205131358084,0.008729959321953305
12,84.87784274418894,0.00800931740559389
13,85.47718465386872,0.006244970922142764
14,85.39222998649385,0.006454514587282056
15,85.32909509318438,0.00663591295043001
16,84.97029888410114,0.007688790965324816
17,85.36772730682642,0.006524794712401626
18,84.66532429153182,0.008647804000674305
19,86.18902112911847,0.004418597908695106
20,84.87071713520035,0.007995928730309864
21,85.1650185963448,0.0071085857631035775
22,85.36838961471321,0.006525384517293599
23,84.56902945077475,0.00900221718793092
24,85.26278328274684,0.006843388384853819
25,85.42790793392538,0.006354436435809497
26,84.91386180958324,0.007864508900370399
27,84.23096330999911,0.010120120150839431
28,84.8158167586293,0.008187415020807168
29,84.71666893874627,0.00847991530135973
30,85.14121939002925,0.007174603955398606
31,84.69746566128231,0.008541630925340429
32,84.35070570117364,0.0096914974952119
33,85.13622621259822,0.007221598731567142
34,84.89164223752567,0.007928484798549757
35,84.97710384581262,0.0076712668826847
36,85.67383391863115,0.005694325864204334
37,85.38149933621179,0.006495901219033772
38,84.07403779965252,0.010671629562746332
39,85.57691360418346,0.005948892167030043
40,85.63402502891964,0.0058008845523545936
41,85.09725334789341,0.007304753844918718
42,84.91798083017201,0.007851584510275138
43,84.41317814811582,0.009482622928626653
44,85.24613134905239,0.006902360402476163
45,84.74535269775808,0.008394889458794023
46,83.65061323336876,0.012232297734913206
47,85.4256781154479,0.006360445654828945
48,84.79136805584852,0.008243890143088507
49,85.25365254826936,0.006848162249093284
