true_donor,age_years,age_score,md_score,s3,n_pseudobulks,n_cells,analysis
Ahlers_2022::P1,22.0,0.0939666514252109,0.4564295632620556,0.0570238007106392,1,9243,true_donor
Ahlers_2022::P5,25.0,1.1232476283632804,0.4686854234656498,0.0584403471028305,1,3928,true_donor
Ahlers_2022::P3,29.0,1.1071326209688233,0.4301700447327941,0.0620499252921185,1,7572,true_donor
Boothby_2021::HC03,64.0,-5.552629533251435,0.3805055173499844,-0.0074945308108377,1,2431,true_donor
Boothby_2021::HC01,66.0,-4.726944049726595,0.45496803773612,0.0193530695573667,1,1235,true_donor
Boothby_2021::HC02,67.0,-3.0483966995230336,0.5597943509515757,0.0441506808685827,1,1249,true_donor
Burja_2022::HC 1,46.0,2.659130935673524,0.447209602485961,0.0727948401828609,1,1112,true_donor
Burja_2022::HC 2,79.0,5.336981923343799,0.6267799097829223,0.0597394406286308,1,1475,true_donor
Deng_2021::1,39.0,1.1298373882373436,0.5753923549334095,0.0716713637692854,1,2378,true_donor
Deng_2021::2,28.0,-0.0757547688473998,0.5337107652429459,0.0703676789071007,1,2632,true_donor
Deng_2021::3,26.0,1.1884337038692507,0.4421228633580715,0.0753417231049289,1,973,true_donor
Gao_2021::1,32.0,-1.4353307348036732,0.4690660892264768,0.1720057177005205,1,569,true_donor
Gao_2021::2,23.0,-2.044894147684277,0.4872807187286823,0.1007786648907052,1,492,true_donor
Gao_2021::3,47.0,-2.692823060423738,0.4284138187459934,0.1220264339866343,1,1038,true_donor
Gaydosik_2019::1,64.0,3.6064200102860773,0.46494496945967645,0.08776438654608434,4,2640,true_donor
Liu_2021::K012,26.0,-2.0269561895563344,0.53599856802093,0.0717188472387215,1,400,true_donor
Liu_2021::K009,32.0,-0.0880331521990401,0.7630620530378988,0.0602293864007999,1,368,true_donor
Liu_2021::K007,28.0,-2.380704137114627,0.5484877616432811,0.0736554579201147,1,420,true_donor
Liu_2021::K013,26.0,-2.4820982472206907,0.4240664328625526,0.1105003224089053,1,82,true_donor
Mariottoni_2021::HC,48.0,-1.353211389899676,0.5873675529888214,0.1319937119426256,1,894,true_donor
Reynolds_2021::S4,42.0,-0.4655538922491032,0.44974346416911926,0.10055230443560362,5,2975,true_donor
Reynolds_2021::S5,42.0,-4.022251387413195,0.2860569699154437,0.02533565490886146,5,1710,true_donor
Reynolds_2021::s1,42.0,-3.806564403447228,0.34840525900666386,0.06525243737590082,5,977,true_donor
Reynolds_2021::s2,42.0,-3.7213953595727056,0.37249841154164304,0.058819901188378626,4,1214,true_donor
Reynolds_2021::s3,42.0,-2.0352246463113097,0.3868745395715778,0.06066971525472205,4,451,true_donor
Rindler_2021::P115,48.0,1.993086121215772,0.5969109260979528,0.1324614040206974,1,715,true_donor
Rindler_2021::P121,44.0,3.2128922975721497,0.501243461893627,0.1083132972793009,1,716,true_donor
Rindler_2021::P112,51.0,2.130048109646441,0.600919171356987,0.1337739662631983,1,562,true_donor
Rindler_2021::P116,57.0,1.400370721323708,0.6303586158115695,0.1450387782350443,1,892,true_donor
Solé-Boldo_2020::y1,25.0,1.791268759944117,0.519257958271753,0.058407051635847,1,1764,true_donor
Solé-Boldo_2020::y2,27.0,0.9789397183603474,0.4373732815239006,0.0590594791704472,1,975,true_donor
Tabib_2018::SC1control,63.0,3.1350980939386406,0.4505248896724105,0.0808946248129295,1,294,true_donor
Tabib_2018::SC4control,54.0,3.480958849138829,0.503233264750282,0.0453689051055104,1,305,true_donor
Tabib_2018::SC18control,66.0,3.783094122617391,0.4640153308981632,0.0636074215051484,1,543,true_donor
Tabib_2018::SC32control,23.0,0.5061650976855445,0.4643281777050996,0.0837142140798285,1,694,true_donor
Tabib_2018::SC33control,62.0,4.110015677731562,0.4172255055556862,0.0808391824510822,1,857,true_donor
Tabib_2018::SC34control,24.0,-1.011728828639983,0.4329906864396725,0.0487794991814412,1,49,true_donor
Tabula Sapiens_2021::Donor 10,33.0,-3.716894447542747,0.4600321326955402,-0.01613252984644995,2,1171,true_donor
Tabula Sapiens_2021::Donor 14,59.0,-4.266029582476486,0.4208221553907731,-0.0250295562896487,2,1144,true_donor
Theocharidis_2020::H1,56.0,3.987305365210142,0.458358657679468,0.0760588924607425,1,335,true_donor
Theocharidis_2020::H2,75.0,3.249689911755933,0.4613411483606272,0.093138387338096,1,298,true_donor
Theocharidis_2020::H3,58.0,3.7734566069831774,0.4502514959220563,0.0679633696420616,1,479,true_donor
Theocharidis_2020::H4,63.0,4.048716682425375,0.55132616219845,0.0834587748694066,1,973,true_donor
Theocharidis_2020::DM2,65.0,4.385983305591184,0.6148216396238266,0.0667363136903888,1,442,true_donor
Theocharidis_2020::DM3,49.0,6.259606202540076,0.5082176819876827,0.0756293443327862,1,206,true_donor
Theocharidis_2020::DM4,53.0,5.072325553229667,0.5927752985428656,0.0779618026987953,1,552,true_donor
Theocharidis_2021::S18,56.0,3.9959988343496793,0.5840948075503349,0.1101924111091479,1,1221,true_donor
Theocharidis_2021::S23,59.0,3.4073063698341723,0.4544832229532711,0.08443059400189865,2,1931,true_donor
Theocharidis_2021::S25,44.0,3.393431764185184,0.5424441332512787,0.0878120204828074,1,1323,true_donor
Theocharidis_2021::S19,62.0,2.8539480314580787,0.6014326003958189,0.04143026560270005,2,1255,true_donor
Theocharidis_2021::S20,74.0,3.748515438809049,0.5382619495267322,0.079642641681048,2,920,true_donor
Theocharidis_2021::S21,75.0,2.943777299606529,0.5064509856304354,0.11342701808475153,3,2405,true_donor
Theocharidis_2021::S27,34.0,0.6714142073890901,0.4024427147029643,0.0725790876924945,1,337,true_donor
Theocharidis_2021::S24,68.0,-0.2850507357255922,0.6439714707605744,0.0925508384703757,1,36,true_donor
Theocharidis_2021::S26,51.0,1.259749482817163,0.5231613399887154,0.1135079113616266,1,263,true_donor
Theocharidis_2021::S22,66.0,3.094710436873772,0.5228516588587024,0.096842674323852,1,750,true_donor
Vorstandlechner_2020::1,36.0,-5.702284478738026,0.6143887415330915,0.1215951142113769,1,49,true_donor
Vorstandlechner_2020::2,36.0,1.722099987904614,0.4887461938975577,0.0971277765091856,1,980,true_donor
Vorstandlechner_2020::3,36.0,-0.7685222603216398,0.3966090097357622,0.0825082264668541,1,132,true_donor
Vorstandlechner_2021::human_skin_2,36.0,1.4385932063340858,0.5113734393228632,0.0996474659980886,1,1178,true_donor
Vorstandlechner_2021::human_skin_3,43.0,-0.1708934027858573,0.4314759973430744,0.0874303555072486,1,160,true_donor
Xu_2021::H04,33.0,2.065527435058528,0.4602789622108701,0.093684381318831,1,414,true_donor
Xu_2021::H05,41.0,2.884376634800568,0.2725352965402504,0.0084777247616347,1,37,true_donor
Xu_2021::H03,18.0,1.1873499274362709,0.395013772840801,0.0812324512107156,1,37,true_donor
Xu_2021::H02,41.0,-5.8133278982358005,0.3212007831479772,0.0419831697750983,1,6,true_donor
