modality,perturbation,n_cells
CRA,CRA_ALX1,56
CRA,CRA_APOD,24
CRA,CRA_ARID5A,68
CRA,CRA_ARNTL2,97
CRA,CRA_ARX,112
CRA,CRA_ATF4,37
CRA,CRA_ATF6,27
CRA,CRA_ATF7,50
CRA,CRA_ATG3,94
CRA,CRA_ATG4C,37
CRA,CRA_ATG4D,50
CRA,CRA_ATG5,63
CRA,CRA_BATF3,85
CRA,CRA_BRCA1,76
CRA,CRA_BSX,51
CRA,CRA_CDX1,98
CRA,CRA_CDX2,49
CRA,CRA_CEBPA,63
CRA,CRA_CEBPB,54
CRA,CRA_CEBPZ,65
CRA,CRA_CPEB1,115
CRA,CRA_CREB1,60
CRA,CRA_CREB3L1,119
CRA,CRA_CTCF,69
CRA,CRA_CTCFL,59
CRA,CRA_DLX2,115
CRA,CRA_DLX4,63
CRA,CRA_DLX5,39
CRA,CRA_DLX6,89
CRA,CRA_DNMT1,52
CRA,CRA_DRGX,33
CRA,CRA_DUXA,24
CRA,CRA_E2F1,54
CRA,CRA_E2F3,128
CRA,CRA_E2F4,66
CRA,CRA_E2F5,54
CRA,CRA_E2F7,44
CRA,CRA_EGR1,34
CRA,CRA_EGR2,28
CRA,CRA_EN1,26
CRA,CRA_EOMES,30
CRA,CRA_ESR1,3
CRA,CRA_ESX1,13
CRA,CRA_ETS1,29
CRA,CRA_ETS2,119
CRA,CRA_ETV5,68
CRA,CRA_EZH2,107
CRA,CRA_FERD3L,83
CRA,CRA_FLI1,34
CRA,CRA_FOSL1,149
CRA,CRA_FOXA2,54
CRA,CRA_FOXA3,92
CRA,CRA_FOXB2,118
CRA,CRA_FOXC1,99
CRA,CRA_FOXD2,82
CRA,CRA_FOXF2,33
CRA,CRA_FOXI1,65
CRA,CRA_FOXM1,38
CRA,CRA_FOXO3,47
CRA,CRA_FOXO4,76
CRA,CRA_FOXP1,30
CRA,CRA_FOXP2,22
CRA,CRA_FOXS1,24
CRA,CRA_GABARAPL1,88
CRA,CRA_GATA1,55
CRA,CRA_GATA2,25
CRA,CRA_GATA3,85
CRA,CRA_GATA5,83
CRA,CRA_GSX2,53
CRA,CRA_HINFP,40
CRA,CRA_HMGB1,42
CRA,CRA_HMGB2,35
CRA,CRA_HNF1B,43
CRA,CRA_HOXA1,94
CRA,CRA_HOXA2,80
CRA,CRA_HOXA6,96
CRA,CRA_HOXB13,153
CRA,CRA_HOXB4,20
CRA,CRA_HOXB7,102
CRA,CRA_HOXB9,77
CRA,CRA_HOXC10,31
CRA,CRA_HOXC5,70
CRA,CRA_HOXD11,30
CRA,CRA_HOXD3,100
CRA,CRA_HSF1,49
CRA,CRA_HSF2,121
CRA,CRA_HSF4,37
CRA,CRA_HSPA8,56
CRA,CRA_HSPD1,26
CRA,CRA_IRF4,89
CRA,CRA_IRF5,41
CRA,CRA_IRF7,44
CRA,CRA_JUN,29
CRA,CRA_JUND,118
CRA,CRA_KLF3,61
CRA,CRA_KLF4,21
CRA,CRA_KLF6,37
CRA,CRA_LCOR,62
CRA,CRA_LHX1,62
CRA,CRA_LHX5,115
CRA,CRA_MAZ,52
CRA,CRA_MEF2A,98
CRA,CRA_MEF2C,67
CRA,CRA_MITF,48
CRA,CRA_MRRF,53
CRA,CRA_MXD3,100
CRA,CRA_MYB,62
CRA,CRA_MYBL2,61
CRA,CRA_MYC,187
CRA,CRA_NFATC2,3
CRA,CRA_NFATC4,38
CRA,CRA_NFE2L2,20
CRA,CRA_NFIA,21
CRA,CRA_NFIL3,32
CRA,CRA_NFKB1,49
CRA,CRA_NFKB2,120
CRA,CRA_NKX1-1,91
CRA,CRA_NKX2-2,84
CRA,CRA_NOBOX,74
CRA,CRA_NPAS1,6
CRA,CRA_NPAS3,66
CRA,CRA_NR0B1,83
CRA,CRA_NR4A1,24
CRA,CRA_NR4A2,61
CRA,CRA_NRF1,51
CRA,CRA_ONECUT1,40
CRA,CRA_PARP1,72
CRA,CRA_PAX2,71
CRA,CRA_PAX4,86
CRA,CRA_PAX8,90
CRA,CRA_PBX2,31
CRA,CRA_PGR,106
CRA,CRA_PHOX2A,3
CRA,CRA_PHOX2B,30
CRA,CRA_PLAU,53
CRA,CRA_POU2F1,72
CRA,CRA_POU3F2,61
CRA,CRA_POU5F1,61
CRA,CRA_PPARG,64
CRA,CRA_PPARGC1A,40
CRA,CRA_PPARGC1B,142
CRA,CRA_PRKRIR,68
CRA,CRA_RUNX2,23
CRA,CRA_RXRB,34
CRA,CRA_SALL4,71
CRA,CRA_SIM1,106
CRA,CRA_SIM2,105
CRA,CRA_SIRT1,52
CRA,CRA_SOX10,82
CRA,CRA_SOX11,56
CRA,CRA_SOX15,140
CRA,CRA_SOX17,18
CRA,CRA_SOX2,18
CRA,CRA_SOX5,25
CRA,CRA_SOX7,59
CRA,CRA_SOX9,66
CRA,CRA_SP1,57
CRA,CRA_SREBF1,80
CRA,CRA_SREBF2,8
CRA,CRA_SRY,35
CRA,CRA_STAT1,49
CRA,CRA_STAT3,25
CRA,CRA_STAT4,43
CRA,CRA_TBX3,30
CRA,CRA_TCF3,37
CRA,CRA_TCF7L2,12
CRA,CRA_TEAD3,119
CRA,CRA_TFAM,54
CRA,CRA_TFAP2A,58
CRA,CRA_TFCP2,120
CRA,CRA_TFDP1,48
CRA,CRA_TFE3,82
CRA,CRA_TFEB,61
CRA,CRA_TFEC,11
CRA,CRA_THRA,50
CRA,CRA_TLX2,140
CRA,CRA_TWIST1,62
CRA,CRA_VAX1,79
CRA,CRA_VEZF1,93
CRA,CRA_XBP1,42
CRA,CRA_XRCC5,100
CRA,CRA_ZBTB2,66
CRA,CRA_ZBTB7A,17
CRA,CRA_ZBTB7B,22
CRA,CRA_ZBTB7C,35
CRA,CRA_ZFHX3,36
CRA,CRA_ZFX,51
CRA,CRA_ZIC3,84
CRA,CRA_ZIC5,10
CRA,CRA_ZKSCAN3,60
CRA,CRA_ZKSCAN4,39
CRA,CRA_ZNF219,31
CRA,CRA_ZNF263,36
CRA,CRA_ZNF281,61
CRA,CRA_ZNF318,101
CRA,CRA_ZNF35,88
CRA,CRA_ZNF367,35
CRA,CRA_ZNF384,135
CRA,CRA_ZNF695,54
CRI,CRI_ALX1,82
CRI,CRI_APOD,74
CRI,CRI_ARID5A,72
CRI,CRI_ARNTL2,95
CRI,CRI_ARX,65
CRI,CRI_ATF4,73
CRI,CRI_ATF6,2
CRI,CRI_ATF7,97
CRI,CRI_ATG3,98
CRI,CRI_ATG4C,80
CRI,CRI_ATG4D,37
CRI,CRI_ATG5,65
CRI,CRI_BATF3,31
CRI,CRI_BRCA1,25
CRI,CRI_BSX,98
CRI,CRI_CDX1,146
CRI,CRI_CDX2,46
CRI,CRI_CEBPA,49
CRI,CRI_CEBPB,59
CRI,CRI_CEBPZ,17
CRI,CRI_CPEB1,66
CRI,CRI_CREB1,68
CRI,CRI_CREB3L1,73
CRI,CRI_CTCF,19
CRI,CRI_CTCFL,68
CRI,CRI_DLX2,27
CRI,CRI_DLX4,89
CRI,CRI_DLX5,16
CRI,CRI_DLX6,87
CRI,CRI_DNMT1,58
CRI,CRI_DRGX,35
CRI,CRI_DUXA,55
CRI,CRI_E2F1,84
CRI,CRI_E2F3,74
CRI,CRI_E2F4,194
CRI,CRI_E2F5,72
CRI,CRI_E2F7,99
CRI,CRI_EGR1,70
CRI,CRI_EGR2,55
CRI,CRI_EN1,18
CRI,CRI_EOMES,155
CRI,CRI_ESR1,11
CRI,CRI_ESX1,45
CRI,CRI_ETS1,31
CRI,CRI_ETS2,44
CRI,CRI_ETV5,107
CRI,CRI_EZH2,86
CRI,CRI_FERD3L,89
CRI,CRI_FLI1,60
CRI,CRI_FOSL1,46
CRI,CRI_FOXA2,28
CRI,CRI_FOXA3,79
CRI,CRI_FOXB2,106
CRI,CRI_FOXC1,39
CRI,CRI_FOXD2,58
CRI,CRI_FOXF2,52
CRI,CRI_FOXI1,48
CRI,CRI_FOXM1,27
CRI,CRI_FOXO3,25
CRI,CRI_FOXO4,59
CRI,CRI_FOXP1,64
CRI,CRI_FOXP2,125
CRI,CRI_FOXS1,101
CRI,CRI_GABARAPL1,58
CRI,CRI_GATA1,54
CRI,CRI_GATA2,70
CRI,CRI_GATA3,56
CRI,CRI_GATA5,58
CRI,CRI_GSX2,83
CRI,CRI_HINFP,16
CRI,CRI_HMGB1,92
CRI,CRI_HMGB2,42
CRI,CRI_HNF1B,41
CRI,CRI_HOXA1,33
CRI,CRI_HOXA13,38
CRI,CRI_HOXA2,50
CRI,CRI_HOXA6,120
CRI,CRI_HOXB13,47
CRI,CRI_HOXB4,114
CRI,CRI_HOXB7,25
CRI,CRI_HOXB9,27
CRI,CRI_HOXC10,27
CRI,CRI_HOXC5,33
CRI,CRI_HOXD11,52
CRI,CRI_HOXD3,7
CRI,CRI_HSF1,89
CRI,CRI_HSF2,49
CRI,CRI_HSF4,31
CRI,CRI_HSPA8,2
CRI,CRI_HSPD1,13
CRI,CRI_IRF4,46
CRI,CRI_IRF5,87
CRI,CRI_IRF7,49
CRI,CRI_JUN,35
CRI,CRI_JUND,69
CRI,CRI_KLF3,75
CRI,CRI_KLF4,38
CRI,CRI_KLF6,140
CRI,CRI_LCOR,99
CRI,CRI_LHX1,90
CRI,CRI_LHX5,94
CRI,CRI_MAZ,88
CRI,CRI_MEF2A,35
CRI,CRI_MEF2C,8
CRI,CRI_MITF,50
CRI,CRI_MRRF,75
CRI,CRI_MXD3,44
CRI,CRI_MYB,45
CRI,CRI_MYBL2,55
CRI,CRI_MYC,121
CRI,CRI_NFATC2,45
CRI,CRI_NFATC4,23
CRI,CRI_NFE2L2,91
CRI,CRI_NFIA,50
CRI,CRI_NFIL3,40
CRI,CRI_NFKB1,70
CRI,CRI_NFKB2,37
CRI,CRI_NKX1-1,39
CRI,CRI_NKX2-2,46
CRI,CRI_NOBOX,30
CRI,CRI_NPAS1,43
CRI,CRI_NPAS3,49
CRI,CRI_NR0B1,31
CRI,CRI_NR4A1,58
CRI,CRI_NR4A2,82
CRI,CRI_NRF1,48
CRI,CRI_ONECUT1,86
CRI,CRI_PARP1,81
CRI,CRI_PAX2,66
CRI,CRI_PAX4,100
CRI,CRI_PAX8,109
CRI,CRI_PBX2,73
CRI,CRI_PGR,89
CRI,CRI_PHOX2A,58
CRI,CRI_PHOX2B,60
CRI,CRI_PLAU,49
CRI,CRI_POU2F1,5
CRI,CRI_POU3F2,35
CRI,CRI_POU5F1,31
CRI,CRI_PPARG,51
CRI,CRI_PPARGC1A,15
CRI,CRI_PPARGC1B,65
CRI,CRI_PRKRIR,48
CRI,CRI_RUNX2,29
CRI,CRI_RXRB,36
CRI,CRI_SALL4,45
CRI,CRI_SIM1,87
CRI,CRI_SIM2,49
CRI,CRI_SIRT1,42
CRI,CRI_SOX10,32
CRI,CRI_SOX11,94
CRI,CRI_SOX15,71
CRI,CRI_SOX17,91
CRI,CRI_SOX2,125
CRI,CRI_SOX5,73
CRI,CRI_SOX7,73
CRI,CRI_SOX9,113
CRI,CRI_SP1,98
CRI,CRI_SREBF1,45
CRI,CRI_SREBF2,45
CRI,CRI_SRY,35
CRI,CRI_STAT1,80
CRI,CRI_STAT3,96
CRI,CRI_STAT4,66
CRI,CRI_TBX3,78
CRI,CRI_TCF3,95
CRI,CRI_TCF7L2,13
CRI,CRI_TEAD3,33
CRI,CRI_TFAM,88
CRI,CRI_TFAP2A,31
CRI,CRI_TFCP2,42
CRI,CRI_TFDP1,55
CRI,CRI_TFE3,37
CRI,CRI_TFEB,77
CRI,CRI_TFEC,33
CRI,CRI_THRA,63
CRI,CRI_TLX2,76
CRI,CRI_TWIST1,76
CRI,CRI_VAX1,110
CRI,CRI_VEZF1,97
CRI,CRI_XBP1,56
CRI,CRI_XRCC5,73
CRI,CRI_ZBTB2,110
CRI,CRI_ZBTB7A,44
CRI,CRI_ZBTB7B,46
CRI,CRI_ZBTB7C,65
CRI,CRI_ZFHX3,121
CRI,CRI_ZFX,157
CRI,CRI_ZIC3,13
CRI,CRI_ZIC5,7
CRI,CRI_ZKSCAN3,116
CRI,CRI_ZKSCAN4,52
CRI,CRI_ZNF219,33
CRI,CRI_ZNF263,54
CRI,CRI_ZNF281,91
CRI,CRI_ZNF318,80
CRI,CRI_ZNF35,80
CRI,CRI_ZNF367,25
CRI,CRI_ZNF384,57
CRI,CRI_ZNF695,41
