scheme,family,k_requested,k_effective,draw,r2_primary,r2_pooled,r2_site_strat,null_primary,null_pooled,null_site_strat
loso,A,10,10,0,-0.619569713359282,-0.619569713359282,-1.110828743452053,-0.831372523831379,-0.831372523831379,-1.5152000941596886
loso,A,10,10,1,-0.7167343055173611,-0.7167343055173611,-1.2773450267689759,-0.831372523831379,-0.831372523831379,-1.5152000941596886
loso,A,10,10,2,-0.6400695623697219,-0.6400695623697219,-1.180146339226623,-0.831372523831379,-0.831372523831379,-1.5152000941596886
loso,A,10,10,3,-0.679685112607267,-0.679685112607267,-1.2187818126583783,-0.831372523831379,-0.831372523831379,-1.5152000941596886
loso,A,10,10,4,-0.7160387730273058,-0.7160387730273058,-1.1890370735730622,-0.831372523831379,-0.831372523831379,-1.5152000941596886
loso,A,10,10,5,-0.5957789989059387,-0.5957789989059387,-1.1133607890529873,-0.831372523831379,-0.831372523831379,-1.5152000941596886
loso,A,10,10,6,-0.6405816930303371,-0.6405816930303371,-1.1948615987022548,-0.831372523831379,-0.831372523831379,-1.5152000941596886
loso,A,10,10,7,-0.6271065701250985,-0.6271065701250985,-1.093173950418648,-0.831372523831379,-0.831372523831379,-1.5152000941596886
loso,A,10,10,8,-0.6662431000044707,-0.6662431000044707,-1.0979210730476092,-0.831372523831379,-0.831372523831379,-1.5152000941596886
loso,A,10,10,9,-0.7133088607388194,-0.7133088607388194,-1.295304666139053,-0.831372523831379,-0.831372523831379,-1.5152000941596886
loso,A,50,50,0,-0.5626647364304711,-0.5626647364304711,-1.143857381707972,-0.7666244119692893,-0.7666244119692893,-1.37460967878296
loso,A,50,50,1,-0.5476631701799576,-0.5476631701799576,-1.1064141133773853,-0.7666244119692893,-0.7666244119692893,-1.37460967878296
loso,A,50,50,2,-0.5765210692160577,-0.5765210692160577,-1.1245612141122463,-0.7666244119692893,-0.7666244119692893,-1.37460967878296
loso,A,50,50,3,-0.554033554382727,-0.554033554382727,-0.975579490841649,-0.7666244119692893,-0.7666244119692893,-1.37460967878296
loso,A,50,50,4,-0.545689049739394,-0.545689049739394,-1.0957477460503096,-0.7666244119692893,-0.7666244119692893,-1.37460967878296
loso,A,50,50,5,-0.6199511997872975,-0.6199511997872975,-1.1336266016432013,-0.7666244119692893,-0.7666244119692893,-1.37460967878296
loso,A,50,50,6,-0.6019173850548974,-0.6019173850548974,-1.1357518668682591,-0.7666244119692893,-0.7666244119692893,-1.37460967878296
loso,A,50,50,7,-0.5539622602433731,-0.5539622602433731,-1.0834043362126273,-0.7666244119692893,-0.7666244119692893,-1.37460967878296
loso,A,50,50,8,-0.5495162655473601,-0.5495162655473601,-1.0223774312775884,-0.7666244119692893,-0.7666244119692893,-1.37460967878296
loso,A,50,50,9,-0.5236646306808751,-0.5236646306808751,-1.0649923790697788,-0.7666244119692893,-0.7666244119692893,-1.37460967878296
loso,A,100,100,0,-0.7444245478109809,-0.7444245478109809,-1.4681276875583107,-0.8684033648314555,-0.8684033648314555,-1.547147087968896
loso,A,100,100,1,-0.902253095153477,-0.902253095153477,-1.413512825166566,-0.8684033648314555,-0.8684033648314555,-1.547147087968896
loso,A,100,100,2,-0.8070550113472059,-0.8070550113472059,-1.2830851847135936,-0.8684033648314555,-0.8684033648314555,-1.547147087968896
loso,A,100,100,3,-1.250169600830647,-1.250169600830647,-1.8476425546697006,-0.8684033648314555,-0.8684033648314555,-1.547147087968896
loso,A,100,100,4,-0.9955472182223407,-0.9955472182223407,-1.5900085313161743,-0.8684033648314555,-0.8684033648314555,-1.547147087968896
loso,A,100,100,5,-0.5785651883529281,-0.5785651883529281,-1.0561462019665702,-0.8684033648314555,-0.8684033648314555,-1.547147087968896
loso,A,100,100,6,-1.2451696854809344,-1.2451696854809344,-1.9038798420689487,-0.8684033648314555,-0.8684033648314555,-1.547147087968896
loso,A,100,100,7,-0.8444806544205801,-0.8444806544205801,-1.5195601660664448,-0.8684033648314555,-0.8684033648314555,-1.547147087968896
loso,A,100,100,8,-1.1984412429235187,-1.1984412429235187,-1.7721886711244346,-0.8684033648314555,-0.8684033648314555,-1.547147087968896
loso,A,100,100,9,-1.444102734117585,-1.444102734117585,-2.1507306065153724,-0.8684033648314555,-0.8684033648314555,-1.547147087968896
loso,A,500,500,0,-0.10990770720277165,-0.10990770720277165,-0.39608649831214243,-1.2177574300333807,-1.2177574300333807,-1.9806329699373577
loso,A,500,500,1,-0.13270998139137835,-0.13270998139137835,-0.48673252310569987,-1.2177574300333807,-1.2177574300333807,-1.9806329699373577
loso,A,500,500,2,-0.23336046133741195,-0.23336046133741195,-0.5433523715139726,-1.2177574300333807,-1.2177574300333807,-1.9806329699373577
loso,A,500,500,3,-0.1439424496073024,-0.1439424496073024,-0.4760689966766801,-1.2177574300333807,-1.2177574300333807,-1.9806329699373577
loso,A,500,500,4,-0.08336294107084707,-0.08336294107084707,-0.42818077692440626,-1.2177574300333807,-1.2177574300333807,-1.9806329699373577
loso,A,500,500,5,-0.1510436134238945,-0.1510436134238945,-0.5364520281019978,-1.2177574300333807,-1.2177574300333807,-1.9806329699373577
loso,A,500,500,6,-0.11272772548367338,-0.11272772548367338,-0.44001073885299646,-1.2177574300333807,-1.2177574300333807,-1.9806329699373577
loso,A,500,500,7,-0.14533041860449492,-0.14533041860449492,-0.47512622636605123,-1.2177574300333807,-1.2177574300333807,-1.9806329699373577
loso,A,500,500,8,-0.150704374382852,-0.150704374382852,-0.4665888020796485,-1.2177574300333807,-1.2177574300333807,-1.9806329699373577
loso,A,500,500,9,-0.03392488570248431,-0.03392488570248431,-0.3538241006004604,-1.2177574300333807,-1.2177574300333807,-1.9806329699373577
loso,A,1000,1000,0,-0.025306198058821727,-0.025306198058821727,-0.27419505844512904,-1.0713535865835246,-1.0713535865835246,-1.9097706155227554
loso,A,1000,1000,1,-0.04677517661757258,-0.04677517661757258,-0.28667377340088196,-1.0713535865835246,-1.0713535865835246,-1.9097706155227554
loso,A,1000,1000,2,-0.002620703212927511,-0.002620703212927511,-0.3246956093660865,-1.0713535865835246,-1.0713535865835246,-1.9097706155227554
loso,A,1000,1000,3,-0.03101430023326124,-0.03101430023326124,-0.34244947269541265,-1.0713535865835246,-1.0713535865835246,-1.9097706155227554
loso,A,1000,1000,4,-0.016007037666379564,-0.016007037666379564,-0.2967524874143858,-1.0713535865835246,-1.0713535865835246,-1.9097706155227554
loso,A,1000,1000,5,-0.023412574051588586,-0.023412574051588586,-0.27581463962188024,-1.0713535865835246,-1.0713535865835246,-1.9097706155227554
loso,A,1000,1000,6,-0.03758574398439629,-0.03758574398439629,-0.3183204638247866,-1.0713535865835246,-1.0713535865835246,-1.9097706155227554
loso,A,1000,1000,7,-0.026568062528111835,-0.026568062528111835,-0.35188996878474627,-1.0713535865835246,-1.0713535865835246,-1.9097706155227554
loso,A,1000,1000,8,-0.0652335201461599,-0.0652335201461599,-0.39896202177584467,-1.0713535865835246,-1.0713535865835246,-1.9097706155227554
loso,A,1000,1000,9,-0.010514011490174946,-0.010514011490174946,-0.3361758877455387,-1.0713535865835246,-1.0713535865835246,-1.9097706155227554
loso,A,1500,1355,0,-0.015607109907025296,-0.015607109907025296,-0.28578195136382006,-0.668481489136081,-0.668481489136081,-1.1957736982243559
loso,I,10,10,0,-0.6756878954106783,-0.6756878954106783,-1.1685852970773971,-0.8188622678695897,-0.8188622678695897,-1.496645462920225
loso,I,10,10,1,-0.6901892035084356,-0.6901892035084356,-1.2548326246286439,-0.8188622678695897,-0.8188622678695897,-1.496645462920225
loso,I,10,10,2,-0.6591589462155134,-0.6591589462155134,-1.1289542629854612,-0.8188622678695897,-0.8188622678695897,-1.496645462920225
loso,I,10,10,3,-0.7310315065161451,-0.7310315065161451,-1.3026434168394254,-0.8188622678695897,-0.8188622678695897,-1.496645462920225
loso,I,10,10,4,-0.5500051155342099,-0.5500051155342099,-1.0203426502410833,-0.8188622678695897,-0.8188622678695897,-1.496645462920225
loso,I,10,10,5,-0.6875681076456713,-0.6875681076456713,-1.2642301894562387,-0.8188622678695897,-0.8188622678695897,-1.496645462920225
loso,I,10,10,6,-0.5657575694585496,-0.5657575694585496,-1.0020790539719648,-0.8188622678695897,-0.8188622678695897,-1.496645462920225
loso,I,10,10,7,-0.6525713290525433,-0.6525713290525433,-1.1679661508552204,-0.8188622678695897,-0.8188622678695897,-1.496645462920225
loso,I,10,10,8,-0.6520679650459638,-0.6520679650459638,-1.185909572260761,-0.8188622678695897,-0.8188622678695897,-1.496645462920225
loso,I,10,10,9,-0.660166333378985,-0.660166333378985,-1.1414560756000587,-0.8188622678695897,-0.8188622678695897,-1.496645462920225
loso,I,50,50,0,-0.4738243254272754,-0.4738243254272754,-0.9464308358993065,-0.9922325607324105,-0.9922325607324105,-1.8066906732128314
loso,I,50,50,1,-0.40412547502599194,-0.40412547502599194,-0.8791940294756769,-0.9922325607324105,-0.9922325607324105,-1.8066906732128314
loso,I,50,50,2,-0.2908312743164364,-0.2908312743164364,-0.7233617389535718,-0.9922325607324105,-0.9922325607324105,-1.8066906732128314
loso,I,50,50,3,-0.49277085395061027,-0.49277085395061027,-0.9670947479340666,-0.9922325607324105,-0.9922325607324105,-1.8066906732128314
loso,I,50,50,4,-0.3925098984332085,-0.3925098984332085,-0.9136194988321583,-0.9922325607324105,-0.9922325607324105,-1.8066906732128314
loso,I,50,50,5,-0.2593692916119982,-0.2593692916119982,-0.6990165540386803,-0.9922325607324105,-0.9922325607324105,-1.8066906732128314
loso,I,50,50,6,-0.3919198952457018,-0.3919198952457018,-0.8041258812948366,-0.9922325607324105,-0.9922325607324105,-1.8066906732128314
loso,I,50,50,7,-0.24485628452184227,-0.24485628452184227,-0.6598484334516812,-0.9922325607324105,-0.9922325607324105,-1.8066906732128314
loso,I,50,50,8,-0.3826227889842264,-0.3826227889842264,-0.8441355290768027,-0.9922325607324105,-0.9922325607324105,-1.8066906732128314
loso,I,50,50,9,-0.3779198016542372,-0.3779198016542372,-0.7910672524446962,-0.9922325607324105,-0.9922325607324105,-1.8066906732128314
loso,I,100,100,0,-0.5630782841394305,-0.5630782841394305,-0.9145649323897322,-1.5040626809232063,-1.5040626809232063,-2.4741198591715223
loso,I,100,100,1,-0.41204478655727195,-0.41204478655727195,-0.9322613331517371,-1.5040626809232063,-1.5040626809232063,-2.4741198591715223
loso,I,100,100,2,-0.7973407939324628,-0.7973407939324628,-1.1134462375990744,-1.5040626809232063,-1.5040626809232063,-2.4741198591715223
loso,I,100,100,3,-0.32332886716628306,-0.32332886716628306,-0.7906975265360037,-1.5040626809232063,-1.5040626809232063,-2.4741198591715223
loso,I,100,100,4,-1.0866893394665074,-1.0866893394665074,-1.61185842274597,-1.5040626809232063,-1.5040626809232063,-2.4741198591715223
loso,I,100,100,5,-0.5970594337711483,-0.5970594337711483,-1.208419355632207,-1.5040626809232063,-1.5040626809232063,-2.4741198591715223
loso,I,100,100,6,-0.8623833716798255,-0.8623833716798255,-1.4364348114637329,-1.5040626809232063,-1.5040626809232063,-2.4741198591715223
loso,I,100,100,7,-0.6495362848363031,-0.6495362848363031,-1.256770454906658,-1.5040626809232063,-1.5040626809232063,-2.4741198591715223
loso,I,100,100,8,-0.5366213255236896,-0.5366213255236896,-0.9770288606268207,-1.5040626809232063,-1.5040626809232063,-2.4741198591715223
loso,I,100,100,9,-0.7495895759462333,-0.7495895759462333,-1.203431041112717,-1.5040626809232063,-1.5040626809232063,-2.4741198591715223
loso,I,500,500,0,0.20735736188699522,0.20735736188699522,-0.014359140856543245,-1.4883720760949952,-1.4883720760949952,-2.364255706665698
loso,I,500,500,1,0.1580391672998353,0.1580391672998353,-0.057523789354176624,-1.4883720760949952,-1.4883720760949952,-2.364255706665698
loso,I,500,500,2,0.1616451722813284,0.1616451722813284,-0.07539584315975645,-1.4883720760949952,-1.4883720760949952,-2.364255706665698
loso,I,500,500,3,0.21174152445383632,0.21174152445383632,0.013128712114615887,-1.4883720760949952,-1.4883720760949952,-2.364255706665698
loso,I,500,500,4,0.20333030886066572,0.20333030886066572,0.028842618080304833,-1.4883720760949952,-1.4883720760949952,-2.364255706665698
loso,I,500,500,5,0.3075138560655225,0.3075138560655225,0.07577214044675551,-1.4883720760949952,-1.4883720760949952,-2.364255706665698
loso,I,500,500,6,0.15405309451514687,0.15405309451514687,-0.1401951633552663,-1.4883720760949952,-1.4883720760949952,-2.364255706665698
loso,I,500,500,7,0.18562805116207448,0.18562805116207448,-0.04991390228255391,-1.4883720760949952,-1.4883720760949952,-2.364255706665698
loso,I,500,500,8,0.20712588064013826,0.20712588064013826,-0.028646372579506696,-1.4883720760949952,-1.4883720760949952,-2.364255706665698
loso,I,500,500,9,0.13288498047105246,0.13288498047105246,-0.11935874122812304,-1.4883720760949952,-1.4883720760949952,-2.364255706665698
loso,I,1000,1000,0,0.2607312782477466,0.2607312782477466,0.05286026312199249,-0.9720647649340916,-0.9720647649340916,-1.6130912211617077
loso,I,1000,1000,1,0.2609001183021671,0.2609001183021671,0.12263944382869305,-0.9720647649340916,-0.9720647649340916,-1.6130912211617077
loso,I,1000,1000,2,0.2816045143531989,0.2816045143531989,0.052050279766915425,-0.9720647649340916,-0.9720647649340916,-1.6130912211617077
loso,I,1000,1000,3,0.2328181565734469,0.2328181565734469,0.02273000276386644,-0.9720647649340916,-0.9720647649340916,-1.6130912211617077
loso,I,1000,1000,4,0.20210405181841068,0.20210405181841068,-0.033942553164101635,-0.9720647649340916,-0.9720647649340916,-1.6130912211617077
loso,I,1000,1000,5,0.20884461281488587,0.20884461281488587,-0.02038018971673028,-0.9720647649340916,-0.9720647649340916,-1.6130912211617077
loso,I,1000,1000,6,0.227131284551019,0.227131284551019,0.07378794827929211,-0.9720647649340916,-0.9720647649340916,-1.6130912211617077
loso,I,1000,1000,7,0.25032191271128723,0.25032191271128723,0.09197335326711431,-0.9720647649340916,-0.9720647649340916,-1.6130912211617077
loso,I,1000,1000,8,0.23297308740064804,0.23297308740064804,-0.009262687570414041,-0.9720647649340916,-0.9720647649340916,-1.6130912211617077
loso,I,1000,1000,9,0.23095731039868717,0.23095731039868717,-0.0003562308141824011,-0.9720647649340916,-0.9720647649340916,-1.6130912211617077
loso,I,1500,1500,0,0.27572617642761854,0.27572617642761854,0.05407879013131284,-1.3289952692765188,-1.3289952692765188,-2.124373396751704
loso,I,1500,1500,1,0.30205944596562445,0.30205944596562445,0.0776393295129664,-1.3289952692765188,-1.3289952692765188,-2.124373396751704
loso,I,1500,1500,2,0.27010291186320234,0.27010291186320234,0.06189552969509843,-1.3289952692765188,-1.3289952692765188,-2.124373396751704
loso,I,1500,1500,3,0.28302426636690425,0.28302426636690425,0.08406118212175792,-1.3289952692765188,-1.3289952692765188,-2.124373396751704
loso,I,1500,1500,4,0.2814073878539879,0.2814073878539879,0.11082764288522023,-1.3289952692765188,-1.3289952692765188,-2.124373396751704
loso,I,1500,1500,5,0.2572482057775716,0.2572482057775716,0.054165516500625815,-1.3289952692765188,-1.3289952692765188,-2.124373396751704
loso,I,1500,1500,6,0.288722327928393,0.288722327928393,0.06703682519134893,-1.3289952692765188,-1.3289952692765188,-2.124373396751704
loso,I,1500,1500,7,0.2866635318300613,0.2866635318300613,0.056955312635782684,-1.3289952692765188,-1.3289952692765188,-2.124373396751704
loso,I,1500,1500,8,0.2769497806215869,0.2769497806215869,0.061303838659539145,-1.3289952692765188,-1.3289952692765188,-2.124373396751704
loso,I,1500,1500,9,0.2629546136470372,0.2629546136470372,0.13473025198753386,-1.3289952692765188,-1.3289952692765188,-2.124373396751704
loso,random,10,10,0,-0.7431734916542321,-0.7431734916542321,-1.3002000684295119,-0.7844340061155581,-0.7844340061155581,-1.407295880923186
loso,random,10,10,1,-0.7860024101702646,-0.7860024101702646,-1.2755052336258137,-0.7844340061155581,-0.7844340061155581,-1.407295880923186
loso,random,10,10,2,-0.6646831752824578,-0.6646831752824578,-1.2130274748533425,-0.7844340061155581,-0.7844340061155581,-1.407295880923186
loso,random,10,10,3,-0.7271530105637184,-0.7271530105637184,-1.2383135758985608,-0.7844340061155581,-0.7844340061155581,-1.407295880923186
loso,random,10,10,4,-0.6687035029363706,-0.6687035029363706,-1.2540674766598436,-0.7844340061155581,-0.7844340061155581,-1.407295880923186
loso,random,10,10,5,-0.7487380926851348,-0.7487380926851348,-1.2870706787731414,-0.7844340061155581,-0.7844340061155581,-1.407295880923186
loso,random,10,10,6,-0.6458806330372936,-0.6458806330372936,-1.1761395854003531,-0.7844340061155581,-0.7844340061155581,-1.407295880923186
loso,random,10,10,7,-0.7221602669633709,-0.7221602669633709,-1.2600265741743235,-0.7844340061155581,-0.7844340061155581,-1.407295880923186
loso,random,10,10,8,-0.7335714108947369,-0.7335714108947369,-1.2860433191015894,-0.7844340061155581,-0.7844340061155581,-1.407295880923186
loso,random,10,10,9,-0.7714889863359097,-0.7714889863359097,-1.3925752945170857,-0.7844340061155581,-0.7844340061155581,-1.407295880923186
loso,random,50,50,0,-0.5947754089203275,-0.5947754089203275,-1.119441320735907,-0.7863823458556406,-0.7863823458556406,-1.4188839809393374
loso,random,50,50,1,-0.5731574192639822,-0.5731574192639822,-1.0778282628125568,-0.7863823458556406,-0.7863823458556406,-1.4188839809393374
loso,random,50,50,2,-0.6173968941537552,-0.6173968941537552,-1.162105129108336,-0.7863823458556406,-0.7863823458556406,-1.4188839809393374
loso,random,50,50,3,-0.576085624536997,-0.576085624536997,-1.140348932700519,-0.7863823458556406,-0.7863823458556406,-1.4188839809393374
loso,random,50,50,4,-0.5931949793002359,-0.5931949793002359,-1.1196773003259541,-0.7863823458556406,-0.7863823458556406,-1.4188839809393374
loso,random,50,50,5,-0.5561478918820232,-0.5561478918820232,-1.0799025272864986,-0.7863823458556406,-0.7863823458556406,-1.4188839809393374
loso,random,50,50,6,-0.566885693349629,-0.566885693349629,-1.0911541890313918,-0.7863823458556406,-0.7863823458556406,-1.4188839809393374
loso,random,50,50,7,-0.6267481199589554,-0.6267481199589554,-1.147826069641766,-0.7863823458556406,-0.7863823458556406,-1.4188839809393374
loso,random,50,50,8,-0.5107033942444142,-0.5107033942444142,-0.9693370530347689,-0.7863823458556406,-0.7863823458556406,-1.4188839809393374
loso,random,50,50,9,-0.5418622741545157,-0.5418622741545157,-1.0727397485751742,-0.7863823458556406,-0.7863823458556406,-1.4188839809393374
loso,random,100,100,0,-1.5153753187868273,-1.5153753187868273,-2.4293635170004455,-1.7831275475547186,-1.7831275475547186,-2.4664914222956926
loso,random,100,100,1,-0.8737361342760053,-0.8737361342760053,-1.6294376578150764,-1.7831275475547186,-1.7831275475547186,-2.4664914222956926
loso,random,100,100,2,-0.7712938696920343,-0.7712938696920343,-1.2871086364445836,-1.7831275475547186,-1.7831275475547186,-2.4664914222956926
loso,random,100,100,3,-0.6368167466661201,-0.6368167466661201,-1.2994090992419776,-1.7831275475547186,-1.7831275475547186,-2.4664914222956926
loso,random,100,100,4,-0.8156607058574,-0.8156607058574,-1.3224614113040727,-1.7831275475547186,-1.7831275475547186,-2.4664914222956926
loso,random,100,100,5,-0.9902210365734467,-0.9902210365734467,-1.3341197965966773,-1.7831275475547186,-1.7831275475547186,-2.4664914222956926
loso,random,100,100,6,-0.7922513296963154,-0.7922513296963154,-1.2627249999341101,-1.7831275475547186,-1.7831275475547186,-2.4664914222956926
loso,random,100,100,7,-0.5490600839984666,-0.5490600839984666,-0.9619082780307351,-1.7831275475547186,-1.7831275475547186,-2.4664914222956926
loso,random,100,100,8,-1.0203372655193415,-1.0203372655193415,-1.6683802945004915,-1.7831275475547186,-1.7831275475547186,-2.4664914222956926
loso,random,100,100,9,-0.8809001538457144,-0.8809001538457144,-1.5331597147185385,-1.7831275475547186,-1.7831275475547186,-2.4664914222956926
loso,random,500,500,0,0.045160450807376906,0.045160450807376906,-0.2315315168717076,-1.6893296125737929,-1.6893296125737929,-2.7910053818858187
loso,random,500,500,1,-0.0787442288790765,-0.0787442288790765,-0.35795986564763416,-1.6893296125737929,-1.6893296125737929,-2.7910053818858187
loso,random,500,500,2,-0.14164716769131458,-0.14164716769131458,-0.4672566668760788,-1.6893296125737929,-1.6893296125737929,-2.7910053818858187
loso,random,500,500,3,-0.11581198055324937,-0.11581198055324937,-0.4728331391992307,-1.6893296125737929,-1.6893296125737929,-2.7910053818858187
loso,random,500,500,4,-0.025853309069066355,-0.025853309069066355,-0.3076051110228257,-1.6893296125737929,-1.6893296125737929,-2.7910053818858187
loso,random,500,500,5,-0.08070170360311957,-0.08070170360311957,-0.41439111153695957,-1.6893296125737929,-1.6893296125737929,-2.7910053818858187
loso,random,500,500,6,-0.1535759010585589,-0.1535759010585589,-0.447403845971431,-1.6893296125737929,-1.6893296125737929,-2.7910053818858187
loso,random,500,500,7,-0.21575510793296215,-0.21575510793296215,-0.5429092813731617,-1.6893296125737929,-1.6893296125737929,-2.7910053818858187
loso,random,500,500,8,-0.14600753930121635,-0.14600753930121635,-0.49857493302518513,-1.6893296125737929,-1.6893296125737929,-2.7910053818858187
loso,random,500,500,9,-0.15845871434636927,-0.15845871434636927,-0.3664065649018975,-1.6893296125737929,-1.6893296125737929,-2.7910053818858187
loso,random,1000,1000,0,-0.06092129929219614,-0.06092129929219614,-0.3311371023411929,-1.406602589504595,-1.406602589504595,-2.332586646576141
loso,random,1000,1000,1,-0.02463589302301039,-0.02463589302301039,-0.25047368703912326,-1.406602589504595,-1.406602589504595,-2.332586646576141
loso,random,1000,1000,2,0.040909148659033945,0.040909148659033945,-0.19227070511175748,-1.406602589504595,-1.406602589504595,-2.332586646576141
loso,random,1000,1000,3,-0.0054340506759139595,-0.0054340506759139595,-0.3115186931440349,-1.406602589504595,-1.406602589504595,-2.332586646576141
loso,random,1000,1000,4,0.05605244243143215,0.05605244243143215,-0.22278942793860818,-1.406602589504595,-1.406602589504595,-2.332586646576141
loso,random,1000,1000,5,0.0018890609453006135,0.0018890609453006135,-0.2192951338702031,-1.406602589504595,-1.406602589504595,-2.332586646576141
loso,random,1000,1000,6,0.026960167960247028,0.026960167960247028,-0.28161983376848054,-1.406602589504595,-1.406602589504595,-2.332586646576141
loso,random,1000,1000,7,-0.008032889725602788,-0.008032889725602788,-0.2810711244319521,-1.406602589504595,-1.406602589504595,-2.332586646576141
loso,random,1000,1000,8,0.05579905301282051,0.05579905301282051,-0.21978721383680838,-1.406602589504595,-1.406602589504595,-2.332586646576141
loso,random,1000,1000,9,-0.03964969768624971,-0.03964969768624971,-0.3180892109996357,-1.406602589504595,-1.406602589504595,-2.332586646576141
loso,random,1500,1500,0,0.055503379801007,0.055503379801007,-0.17509876549250838,-0.8993584811175649,-0.8993584811175649,-1.5363828118066896
loso,random,1500,1500,1,-0.00881009612427408,-0.00881009612427408,-0.24755568582743356,-0.8993584811175649,-0.8993584811175649,-1.5363828118066896
loso,random,1500,1500,2,0.05001839771628558,0.05001839771628558,-0.23088466212139075,-0.8993584811175649,-0.8993584811175649,-1.5363828118066896
loso,random,1500,1500,3,0.0725601405111182,0.0725601405111182,-0.19083358080234253,-0.8993584811175649,-0.8993584811175649,-1.5363828118066896
loso,random,1500,1500,4,0.07787544477351571,0.07787544477351571,-0.1412219610226513,-0.8993584811175649,-0.8993584811175649,-1.5363828118066896
loso,random,1500,1500,5,0.018563610819747556,0.018563610819747556,-0.22859325256375562,-0.8993584811175649,-0.8993584811175649,-1.5363828118066896
loso,random,1500,1500,6,0.016754358679286596,0.016754358679286596,-0.31308228428537616,-0.8993584811175649,-0.8993584811175649,-1.5363828118066896
loso,random,1500,1500,7,0.09639191358579463,0.09639191358579463,-0.199290306493146,-0.8993584811175649,-0.8993584811175649,-1.5363828118066896
loso,random,1500,1500,8,0.06116702008315239,0.06116702008315239,-0.21117021907414535,-0.8993584811175649,-0.8993584811175649,-1.5363828118066896
loso,random,1500,1500,9,0.07059851681849255,0.07059851681849255,-0.1600405153452329,-0.8993584811175649,-0.8993584811175649,-1.5363828118066896
within_site,A,10,10,0,-0.04908363938864069,0.220119035417856,-0.04908363938864069,-0.04944896350179079,0.22101724826697716,-0.04944896350179079
within_site,A,10,10,1,-0.030548257527716643,0.2236756065138829,-0.030548257527716643,-0.04944896350179079,0.22101724826697716,-0.04944896350179079
within_site,A,10,10,2,-0.03433599948258165,0.2346711952955189,-0.03433599948258165,-0.04944896350179079,0.22101724826697716,-0.04944896350179079
within_site,A,10,10,3,-0.036395684562598785,0.21261536794902725,-0.036395684562598785,-0.04944896350179079,0.22101724826697716,-0.04944896350179079
within_site,A,10,10,4,-0.004193694056023267,0.2387940148190622,-0.004193694056023267,-0.04944896350179079,0.22101724826697716,-0.04944896350179079
within_site,A,10,10,5,-0.04507937814634688,0.2205239997662135,-0.04507937814634688,-0.04944896350179079,0.22101724826697716,-0.04944896350179079
within_site,A,10,10,6,-0.03647884182853989,0.22452947385047956,-0.03647884182853989,-0.04944896350179079,0.22101724826697716,-0.04944896350179079
within_site,A,10,10,7,-0.022048790775374777,0.23022762881612008,-0.022048790775374777,-0.04944896350179079,0.22101724826697716,-0.04944896350179079
within_site,A,10,10,8,-0.03896070538470914,0.21277142769096696,-0.03896070538470914,-0.04944896350179079,0.22101724826697716,-0.04944896350179079
within_site,A,10,10,9,-0.02396319268225572,0.23737169029262695,-0.02396319268225572,-0.04944896350179079,0.22101724826697716,-0.04944896350179079
within_site,A,50,50,0,-0.028711694189855252,0.2313520936574744,-0.028711694189855252,-0.07030628261729521,0.21798842374319838,-0.07030628261729521
within_site,A,50,50,1,-6.185350900828057e-05,0.24318812756694635,-6.185350900828057e-05,-0.07030628261729521,0.21798842374319838,-0.07030628261729521
within_site,A,50,50,2,-0.0065934898134414055,0.25872094585032956,-0.0065934898134414055,-0.07030628261729521,0.21798842374319838,-0.07030628261729521
within_site,A,50,50,3,-0.041718811873404676,0.21186449218980463,-0.041718811873404676,-0.07030628261729521,0.21798842374319838,-0.07030628261729521
within_site,A,50,50,4,-0.0309679954905612,0.24090012998144367,-0.0309679954905612,-0.07030628261729521,0.21798842374319838,-0.07030628261729521
within_site,A,50,50,5,-0.001248062794237198,0.2536716863809959,-0.001248062794237198,-0.07030628261729521,0.21798842374319838,-0.07030628261729521
within_site,A,50,50,6,-0.01453187794506694,0.2533972775425485,-0.01453187794506694,-0.07030628261729521,0.21798842374319838,-0.07030628261729521
within_site,A,50,50,7,-0.08930993898851924,0.19293218054916839,-0.08930993898851924,-0.07030628261729521,0.21798842374319838,-0.07030628261729521
within_site,A,50,50,8,-0.034867044226092325,0.22031672399596713,-0.034867044226092325,-0.07030628261729521,0.21798842374319838,-0.07030628261729521
within_site,A,50,50,9,0.04738608202236494,0.2799905904831119,0.04738608202236494,-0.07030628261729521,0.21798842374319838,-0.07030628261729521
within_site,A,100,100,0,-2.7031870995599254,-1.8178874980778696,-2.7031870995599254,-6.631093913729245,-4.843753425693274,-6.631093913729245
within_site,A,100,100,1,-3.5579586443997586,-2.4367111606682728,-3.5579586443997586,-6.631093913729245,-4.843753425693274,-6.631093913729245
within_site,A,100,100,2,-3.374827362147791,-2.3827874306922334,-3.374827362147791,-6.631093913729245,-4.843753425693274,-6.631093913729245
within_site,A,100,100,3,-2.8802074247189986,-2.2020721285467557,-2.8802074247189986,-6.631093913729245,-4.843753425693274,-6.631093913729245
within_site,A,100,100,4,-3.945688728602868,-2.750523749686396,-3.945688728602868,-6.631093913729245,-4.843753425693274,-6.631093913729245
within_site,A,100,100,5,-3.055937150786235,-2.333531420575608,-3.055937150786235,-6.631093913729245,-4.843753425693274,-6.631093913729245
within_site,A,100,100,6,-3.7085045626643853,-2.945451846356532,-3.7085045626643853,-6.631093913729245,-4.843753425693274,-6.631093913729245
within_site,A,100,100,7,-3.003278651813113,-2.293236393771269,-3.003278651813113,-6.631093913729245,-4.843753425693274,-6.631093913729245
within_site,A,100,100,8,-4.125818975041269,-3.2657218617869948,-4.125818975041269,-6.631093913729245,-4.843753425693274,-6.631093913729245
within_site,A,100,100,9,-3.004653615543149,-1.9977472195321928,-3.004653615543149,-6.631093913729245,-4.843753425693274,-6.631093913729245
within_site,A,500,500,0,0.09048584281098462,0.33655638706021346,0.09048584281098462,-0.30559610904651563,-0.015413489029571903,-0.30559610904651563
within_site,A,500,500,1,0.09965471615932017,0.32884917202459374,0.09965471615932017,-0.30559610904651563,-0.015413489029571903,-0.30559610904651563
within_site,A,500,500,2,0.0944169675212031,0.32849984581352726,0.0944169675212031,-0.30559610904651563,-0.015413489029571903,-0.30559610904651563
within_site,A,500,500,3,0.13426866099107865,0.3643152516294612,0.13426866099107865,-0.30559610904651563,-0.015413489029571903,-0.30559610904651563
within_site,A,500,500,4,0.10140695641381331,0.3335861851143545,0.10140695641381331,-0.30559610904651563,-0.015413489029571903,-0.30559610904651563
within_site,A,500,500,5,0.09361052596599859,0.31741975930541333,0.09361052596599859,-0.30559610904651563,-0.015413489029571903,-0.30559610904651563
within_site,A,500,500,6,0.08566259161404563,0.3172356571418495,0.08566259161404563,-0.30559610904651563,-0.015413489029571903,-0.30559610904651563
within_site,A,500,500,7,0.09381099265465692,0.319300565788244,0.09381099265465692,-0.30559610904651563,-0.015413489029571903,-0.30559610904651563
within_site,A,500,500,8,0.05150018699117509,0.2976379763768138,0.05150018699117509,-0.30559610904651563,-0.015413489029571903,-0.30559610904651563
within_site,A,500,500,9,0.039434879348999585,0.28183306874231856,0.039434879348999585,-0.30559610904651563,-0.015413489029571903,-0.30559610904651563
within_site,A,1000,1000,0,0.2266213388471991,0.42272163905546123,0.2266213388471991,-0.2430419984407583,0.062399791538190974,-0.2430419984407583
within_site,A,1000,1000,1,0.23005930053077678,0.42766453487508604,0.23005930053077678,-0.2430419984407583,0.062399791538190974,-0.2430419984407583
within_site,A,1000,1000,2,0.19845554419891343,0.39541820642722747,0.19845554419891343,-0.2430419984407583,0.062399791538190974,-0.2430419984407583
within_site,A,1000,1000,3,0.21567400578150633,0.42104050043887686,0.21567400578150633,-0.2430419984407583,0.062399791538190974,-0.2430419984407583
within_site,A,1000,1000,4,0.2316415323113823,0.43195193699134243,0.2316415323113823,-0.2430419984407583,0.062399791538190974,-0.2430419984407583
within_site,A,1000,1000,5,0.21357691996711115,0.41764216861267,0.21357691996711115,-0.2430419984407583,0.062399791538190974,-0.2430419984407583
within_site,A,1000,1000,6,0.22510782735745502,0.41948793680742946,0.22510782735745502,-0.2430419984407583,0.062399791538190974,-0.2430419984407583
within_site,A,1000,1000,7,0.22430429471407226,0.4241843473648314,0.22430429471407226,-0.2430419984407583,0.062399791538190974,-0.2430419984407583
within_site,A,1000,1000,8,0.20445299621244767,0.414085073241321,0.20445299621244767,-0.2430419984407583,0.062399791538190974,-0.2430419984407583
within_site,A,1000,1000,9,0.23753275057120943,0.4309688723878982,0.23753275057120943,-0.2430419984407583,0.062399791538190974,-0.2430419984407583
within_site,A,1500,1355,0,0.2497849026679462,0.4347005954587349,0.2497849026679462,-0.2540479785505364,0.06989930154367646,-0.2540479785505364
within_site,I,10,10,0,-0.03929739885960337,0.20827309989938508,-0.03929739885960337,-0.04345833320793652,0.23377796594720024,-0.04345833320793652
within_site,I,10,10,1,-0.0021174123382554644,0.25477922444782247,-0.0021174123382554644,-0.04345833320793652,0.23377796594720024,-0.04345833320793652
within_site,I,10,10,2,-0.042291061760964976,0.20906182181154648,-0.042291061760964976,-0.04345833320793652,0.23377796594720024,-0.04345833320793652
within_site,I,10,10,3,-0.03804494212733883,0.2238013665177926,-0.03804494212733883,-0.04345833320793652,0.23377796594720024,-0.04345833320793652
within_site,I,10,10,4,-0.018445720030040136,0.23246375893985838,-0.018445720030040136,-0.04345833320793652,0.23377796594720024,-0.04345833320793652
within_site,I,10,10,5,-0.021683297890044917,0.23001794046228963,-0.021683297890044917,-0.04345833320793652,0.23377796594720024,-0.04345833320793652
within_site,I,10,10,6,-0.0351080369994316,0.2217496976104869,-0.0351080369994316,-0.04345833320793652,0.23377796594720024,-0.04345833320793652
within_site,I,10,10,7,0.004644452019285428,0.2534940308926476,0.004644452019285428,-0.04345833320793652,0.23377796594720024,-0.04345833320793652
within_site,I,10,10,8,-0.03405076522003986,0.20960568798166912,-0.03405076522003986,-0.04345833320793652,0.23377796594720024,-0.04345833320793652
within_site,I,10,10,9,-0.05012427179453116,0.20786989646801135,-0.05012427179453116,-0.04345833320793652,0.23377796594720024,-0.04345833320793652
within_site,I,50,50,0,-0.006468877516586952,0.23394781977830548,-0.006468877516586952,-0.03581353775548779,0.2373272210173995,-0.03581353775548779
within_site,I,50,50,1,0.007969112956609486,0.2629310138707929,0.007969112956609486,-0.03581353775548779,0.2373272210173995,-0.03581353775548779
within_site,I,50,50,2,0.0024023600859705008,0.24978019090036058,0.0024023600859705008,-0.03581353775548779,0.2373272210173995,-0.03581353775548779
within_site,I,50,50,3,-0.04854244305666244,0.21054877750027606,-0.04854244305666244,-0.03581353775548779,0.2373272210173995,-0.03581353775548779
within_site,I,50,50,4,-0.0714072792237413,0.19645353699970197,-0.0714072792237413,-0.03581353775548779,0.2373272210173995,-0.03581353775548779
within_site,I,50,50,5,-0.011085552968884138,0.2380744327541518,-0.011085552968884138,-0.03581353775548779,0.2373272210173995,-0.03581353775548779
within_site,I,50,50,6,-0.010864350709948012,0.20545213897137493,-0.010864350709948012,-0.03581353775548779,0.2373272210173995,-0.03581353775548779
within_site,I,50,50,7,0.05971598830325217,0.2835502881902799,0.05971598830325217,-0.03581353775548779,0.2373272210173995,-0.03581353775548779
within_site,I,50,50,8,0.0004767841645128834,0.2328631550613905,0.0004767841645128834,-0.03581353775548779,0.2373272210173995,-0.03581353775548779
within_site,I,50,50,9,-0.013943052694547764,0.23640631560313308,-0.013943052694547764,-0.03581353775548779,0.2373272210173995,-0.03581353775548779
within_site,I,100,100,0,-2.1781683998827037,-1.361708848170185,-2.1781683998827037,-4.964816804783996,-3.3884677235628136,-4.964816804783996
within_site,I,100,100,1,-1.8877829549289333,-1.1745081534934605,-1.8877829549289333,-4.964816804783996,-3.3884677235628136,-4.964816804783996
within_site,I,100,100,2,-1.7669191152162012,-1.292691161869775,-1.7669191152162012,-4.964816804783996,-3.3884677235628136,-4.964816804783996
within_site,I,100,100,3,-2.3507893297524634,-1.5683912040208277,-2.3507893297524634,-4.964816804783996,-3.3884677235628136,-4.964816804783996
within_site,I,100,100,4,-2.103986575088689,-1.4889599442003816,-2.103986575088689,-4.964816804783996,-3.3884677235628136,-4.964816804783996
within_site,I,100,100,5,-2.0071557091057146,-1.4812292280138732,-2.0071557091057146,-4.964816804783996,-3.3884677235628136,-4.964816804783996
within_site,I,100,100,6,-1.5168819890517393,-1.1649098127410467,-1.5168819890517393,-4.964816804783996,-3.3884677235628136,-4.964816804783996
within_site,I,100,100,7,-1.9269034467022155,-1.48212450389543,-1.9269034467022155,-4.964816804783996,-3.3884677235628136,-4.964816804783996
within_site,I,100,100,8,-2.224449039613533,-1.4289311497530661,-2.224449039613533,-4.964816804783996,-3.3884677235628136,-4.964816804783996
within_site,I,100,100,9,-2.3822441030851973,-1.7123443308112631,-2.3822441030851973,-4.964816804783996,-3.3884677235628136,-4.964816804783996
within_site,I,500,500,0,0.3292643422092542,0.5027859451714276,0.3292643422092542,-0.5342675136587983,-0.18638545451785693,-0.5342675136587983
within_site,I,500,500,1,0.3011008353727277,0.4667645031443973,0.3011008353727277,-0.5342675136587983,-0.18638545451785693,-0.5342675136587983
within_site,I,500,500,2,0.2572983987292373,0.4173449951446266,0.2572983987292373,-0.5342675136587983,-0.18638545451785693,-0.5342675136587983
within_site,I,500,500,3,0.2899462380828921,0.4706029645775415,0.2899462380828921,-0.5342675136587983,-0.18638545451785693,-0.5342675136587983
within_site,I,500,500,4,0.318578150227805,0.49399110777306987,0.318578150227805,-0.5342675136587983,-0.18638545451785693,-0.5342675136587983
within_site,I,500,500,5,0.3069883414142886,0.48414840412830895,0.3069883414142886,-0.5342675136587983,-0.18638545451785693,-0.5342675136587983
within_site,I,500,500,6,0.2989814428854768,0.4974511028111194,0.2989814428854768,-0.5342675136587983,-0.18638545451785693,-0.5342675136587983
within_site,I,500,500,7,0.25207462333845854,0.4446987592591711,0.25207462333845854,-0.5342675136587983,-0.18638545451785693,-0.5342675136587983
within_site,I,500,500,8,0.26864748016228424,0.4631893983504614,0.26864748016228424,-0.5342675136587983,-0.18638545451785693,-0.5342675136587983
within_site,I,500,500,9,0.3096766976893526,0.4853464594276192,0.3096766976893526,-0.5342675136587983,-0.18638545451785693,-0.5342675136587983
within_site,I,1000,1000,0,0.39433279912212416,0.5479268730692879,0.39433279912212416,-0.46517322819994983,-0.10336067608200461,-0.46517322819994983
within_site,I,1000,1000,1,0.3313782985567907,0.5006150525968367,0.3313782985567907,-0.46517322819994983,-0.10336067608200461,-0.46517322819994983
within_site,I,1000,1000,2,0.3882623145702119,0.5429846983270713,0.3882623145702119,-0.46517322819994983,-0.10336067608200461,-0.46517322819994983
within_site,I,1000,1000,3,0.36454802255127594,0.5276728648289779,0.36454802255127594,-0.46517322819994983,-0.10336067608200461,-0.46517322819994983
within_site,I,1000,1000,4,0.376649011475214,0.5338962965941554,0.376649011475214,-0.46517322819994983,-0.10336067608200461,-0.46517322819994983
within_site,I,1000,1000,5,0.40455339694819425,0.5491969425231569,0.40455339694819425,-0.46517322819994983,-0.10336067608200461,-0.46517322819994983
within_site,I,1000,1000,6,0.3771231215326757,0.5368910928394963,0.3771231215326757,-0.46517322819994983,-0.10336067608200461,-0.46517322819994983
within_site,I,1000,1000,7,0.4172086981238999,0.5661365625387834,0.4172086981238999,-0.46517322819994983,-0.10336067608200461,-0.46517322819994983
within_site,I,1000,1000,8,0.39394063809517055,0.5482695088090963,0.39394063809517055,-0.46517322819994983,-0.10336067608200461,-0.46517322819994983
within_site,I,1000,1000,9,0.39323046717201193,0.5492037811999524,0.39323046717201193,-0.46517322819994983,-0.10336067608200461,-0.46517322819994983
within_site,I,1500,1500,0,0.4036784133613329,0.5551799048235676,0.4036784133613329,-0.32080639842004693,0.018341609343182907,-0.32080639842004693
within_site,I,1500,1500,1,0.4201161767323681,0.5673729643768287,0.4201161767323681,-0.32080639842004693,0.018341609343182907,-0.32080639842004693
within_site,I,1500,1500,2,0.4128375807801311,0.561742363367971,0.4128375807801311,-0.32080639842004693,0.018341609343182907,-0.32080639842004693
within_site,I,1500,1500,3,0.4254777551208803,0.570931717922109,0.4254777551208803,-0.32080639842004693,0.018341609343182907,-0.32080639842004693
within_site,I,1500,1500,4,0.44043296454205605,0.5826374754041701,0.44043296454205605,-0.32080639842004693,0.018341609343182907,-0.32080639842004693
within_site,I,1500,1500,5,0.4202008195113766,0.5679771111855052,0.4202008195113766,-0.32080639842004693,0.018341609343182907,-0.32080639842004693
within_site,I,1500,1500,6,0.400450808910348,0.5535680255616968,0.400450808910348,-0.32080639842004693,0.018341609343182907,-0.32080639842004693
within_site,I,1500,1500,7,0.4250229642714865,0.5709119302238688,0.4250229642714865,-0.32080639842004693,0.018341609343182907,-0.32080639842004693
within_site,I,1500,1500,8,0.39621160828090096,0.5502463914706499,0.39621160828090096,-0.32080639842004693,0.018341609343182907,-0.32080639842004693
within_site,I,1500,1500,9,0.41539502775261616,0.5694754871475429,0.41539502775261616,-0.32080639842004693,0.018341609343182907,-0.32080639842004693
within_site,random,10,10,0,-0.05334928713015302,0.2097785594854633,-0.05334928713015302,-0.028004755255005565,0.24350208311202298,-0.028004755255005565
within_site,random,10,10,1,-0.04935988525865542,0.2190601791503906,-0.04935988525865542,-0.028004755255005565,0.24350208311202298,-0.028004755255005565
within_site,random,10,10,2,-0.020218733458810673,0.2276283926011154,-0.020218733458810673,-0.028004755255005565,0.24350208311202298,-0.028004755255005565
within_site,random,10,10,3,-0.032993989255004186,0.22788107557547638,-0.032993989255004186,-0.028004755255005565,0.24350208311202298,-0.028004755255005565
within_site,random,10,10,4,-0.03153502409286735,0.23104012554543685,-0.03153502409286735,-0.028004755255005565,0.24350208311202298,-0.028004755255005565
within_site,random,10,10,5,-0.04521360818321385,0.21589550999945656,-0.04521360818321385,-0.028004755255005565,0.24350208311202298,-0.028004755255005565
within_site,random,10,10,6,-0.05092527120504625,0.20692433135974292,-0.05092527120504625,-0.028004755255005565,0.24350208311202298,-0.028004755255005565
within_site,random,10,10,7,-0.03153078693923017,0.23825575855023062,-0.03153078693923017,-0.028004755255005565,0.24350208311202298,-0.028004755255005565
within_site,random,10,10,8,-0.04728838830415266,0.21411882986258435,-0.04728838830415266,-0.028004755255005565,0.24350208311202298,-0.028004755255005565
within_site,random,10,10,9,-0.027924989696127667,0.22536197670163255,-0.027924989696127667,-0.028004755255005565,0.24350208311202298,-0.028004755255005565
within_site,random,50,50,0,-0.025083755997515195,0.21798829305580497,-0.025083755997515195,-0.04407665131632038,0.16569399722315498,-0.04407665131632038
within_site,random,50,50,1,-0.023519706657925382,0.24259898479325548,-0.023519706657925382,-0.04407665131632038,0.16569399722315498,-0.04407665131632038
within_site,random,50,50,2,-0.005222242714781694,0.24739255813716415,-0.005222242714781694,-0.04407665131632038,0.16569399722315498,-0.04407665131632038
within_site,random,50,50,3,-0.06383761358388518,0.19809222109837676,-0.06383761358388518,-0.04407665131632038,0.16569399722315498,-0.04407665131632038
within_site,random,50,50,4,-0.0120095839380652,0.23215273490137578,-0.0120095839380652,-0.04407665131632038,0.16569399722315498,-0.04407665131632038
within_site,random,50,50,5,-0.06287393246082087,0.1896254267640624,-0.06287393246082087,-0.04407665131632038,0.16569399722315498,-0.04407665131632038
within_site,random,50,50,6,-0.03376267864215912,0.21518245918097073,-0.03376267864215912,-0.04407665131632038,0.16569399722315498,-0.04407665131632038
within_site,random,50,50,7,-0.04785465903173902,0.2043606046627947,-0.04785465903173902,-0.04407665131632038,0.16569399722315498,-0.04407665131632038
within_site,random,50,50,8,-0.04530587525973487,0.2206318354603955,-0.04530587525973487,-0.04407665131632038,0.16569399722315498,-0.04407665131632038
within_site,random,50,50,9,-0.04187234756477354,0.21833221186183366,-0.04187234756477354,-0.04407665131632038,0.16569399722315498,-0.04407665131632038
within_site,random,100,100,0,-2.3023113405817646,-1.4853081125690737,-2.3023113405817646,-4.266191204329691,-2.9276559334522076,-4.266191204329691
within_site,random,100,100,1,-2.9610185467921455,-2.352917575045575,-2.9610185467921455,-4.266191204329691,-2.9276559334522076,-4.266191204329691
within_site,random,100,100,2,-3.0256158092392935,-2.0336289573189648,-3.0256158092392935,-4.266191204329691,-2.9276559334522076,-4.266191204329691
within_site,random,100,100,3,-3.831744920482448,-2.7103002098608195,-3.831744920482448,-4.266191204329691,-2.9276559334522076,-4.266191204329691
within_site,random,100,100,4,-1.9263598175838768,-1.451064116457805,-1.9263598175838768,-4.266191204329691,-2.9276559334522076,-4.266191204329691
within_site,random,100,100,5,-3.480949370213909,-2.3748658100567193,-3.480949370213909,-4.266191204329691,-2.9276559334522076,-4.266191204329691
within_site,random,100,100,6,-2.4700539471099026,-1.8299362103339991,-2.4700539471099026,-4.266191204329691,-2.9276559334522076,-4.266191204329691
within_site,random,100,100,7,-2.483677478761143,-1.8718401068431303,-2.483677478761143,-4.266191204329691,-2.9276559334522076,-4.266191204329691
within_site,random,100,100,8,-2.962948600542906,-2.016746844459151,-2.962948600542906,-4.266191204329691,-2.9276559334522076,-4.266191204329691
within_site,random,100,100,9,-3.3724403344409506,-2.787389507281606,-3.3724403344409506,-4.266191204329691,-2.9276559334522076,-4.266191204329691
within_site,random,500,500,0,0.12868108490474173,0.364736393923111,0.12868108490474173,-0.308181882744817,-0.02305199178427475,-0.308181882744817
within_site,random,500,500,1,0.1395401035012937,0.355196619893917,0.1395401035012937,-0.308181882744817,-0.02305199178427475,-0.308181882744817
within_site,random,500,500,2,0.04350903584676685,0.28299873630414146,0.04350903584676685,-0.308181882744817,-0.02305199178427475,-0.308181882744817
within_site,random,500,500,3,0.11572694749162482,0.3603067782527794,0.11572694749162482,-0.308181882744817,-0.02305199178427475,-0.308181882744817
within_site,random,500,500,4,0.12924839477636485,0.34719788153969455,0.12924839477636485,-0.308181882744817,-0.02305199178427475,-0.308181882744817
within_site,random,500,500,5,0.09413337273572553,0.3211375300689246,0.09413337273572553,-0.308181882744817,-0.02305199178427475,-0.308181882744817
within_site,random,500,500,6,0.11165883060354068,0.34066632612019054,0.11165883060354068,-0.308181882744817,-0.02305199178427475,-0.308181882744817
within_site,random,500,500,7,0.17343513901981136,0.3703503746952641,0.17343513901981136,-0.308181882744817,-0.02305199178427475,-0.308181882744817
within_site,random,500,500,8,0.10178870101221385,0.31407961317108424,0.10178870101221385,-0.308181882744817,-0.02305199178427475,-0.308181882744817
within_site,random,500,500,9,0.1684933435295038,0.3889254203600701,0.1684933435295038,-0.308181882744817,-0.02305199178427475,-0.308181882744817
within_site,random,1000,1000,0,0.25253705787835745,0.4422426249714749,0.25253705787835745,-0.24875359979813788,0.062163576421475075,-0.24875359979813788
within_site,random,1000,1000,1,0.1942376267593992,0.40835298072756077,0.1942376267593992,-0.24875359979813788,0.062163576421475075,-0.24875359979813788
within_site,random,1000,1000,2,0.19744922620660788,0.4102924497406065,0.19744922620660788,-0.24875359979813788,0.062163576421475075,-0.24875359979813788
within_site,random,1000,1000,3,0.26721943576423934,0.44383621093058284,0.26721943576423934,-0.24875359979813788,0.062163576421475075,-0.24875359979813788
within_site,random,1000,1000,4,0.20647226114412806,0.4154909873809321,0.20647226114412806,-0.24875359979813788,0.062163576421475075,-0.24875359979813788
within_site,random,1000,1000,5,0.22958993957305507,0.41999579671643184,0.22958993957305507,-0.24875359979813788,0.062163576421475075,-0.24875359979813788
within_site,random,1000,1000,6,0.19963820989306397,0.4073763895505205,0.19963820989306397,-0.24875359979813788,0.062163576421475075,-0.24875359979813788
within_site,random,1000,1000,7,0.2605469804911541,0.44493277053920605,0.2605469804911541,-0.24875359979813788,0.062163576421475075,-0.24875359979813788
within_site,random,1000,1000,8,0.22197852935083917,0.4242817606612057,0.22197852935083917,-0.24875359979813788,0.062163576421475075,-0.24875359979813788
within_site,random,1000,1000,9,0.2731956156702525,0.4451505172050524,0.2731956156702525,-0.24875359979813788,0.062163576421475075,-0.24875359979813788
within_site,random,1500,1500,0,0.2753151950482687,0.4525255496520613,0.2753151950482687,-0.1339197164002791,0.16322753441737237,-0.1339197164002791
within_site,random,1500,1500,1,0.23978439896669063,0.4205773493296729,0.23978439896669063,-0.1339197164002791,0.16322753441737237,-0.1339197164002791
within_site,random,1500,1500,2,0.2637260441431609,0.4506258711575138,0.2637260441431609,-0.1339197164002791,0.16322753441737237,-0.1339197164002791
within_site,random,1500,1500,3,0.22637935970506212,0.42432948895883493,0.22637935970506212,-0.1339197164002791,0.16322753441737237,-0.1339197164002791
within_site,random,1500,1500,4,0.2517792587515203,0.4372201841010616,0.2517792587515203,-0.1339197164002791,0.16322753441737237,-0.1339197164002791
within_site,random,1500,1500,5,0.228062972061001,0.42526946066375965,0.228062972061001,-0.1339197164002791,0.16322753441737237,-0.1339197164002791
within_site,random,1500,1500,6,0.2995211288204502,0.4752228238319736,0.2995211288204502,-0.1339197164002791,0.16322753441737237,-0.1339197164002791
within_site,random,1500,1500,7,0.22666996993700508,0.4193992772411714,0.22666996993700508,-0.1339197164002791,0.16322753441737237,-0.1339197164002791
within_site,random,1500,1500,8,0.2643917405323142,0.4447804610749661,0.2643917405323142,-0.1339197164002791,0.16322753441737237,-0.1339197164002791
within_site,random,1500,1500,9,0.2771611822361746,0.46018957440945457,0.2771611822361746,-0.1339197164002791,0.16322753441737237,-0.1339197164002791
