variant,k,clean,config,median_pairwise_deg,n_types,p05,p95
curated,20,False,B_curated_k020,52.57075375712263,20,44.465831185764706,73.02609048170861
curated,20,True,B_curated_k020_clean,55.079865697056874,20,46.645109910315526,75.2346323697668
curated,50,False,B_curated_k050,48.50496470030482,20,39.443507540023454,66.04706355562286
curated,50,True,B_curated_k050_clean,48.75301287323913,20,40.510588638567945,76.38852920922217
curated,100,False,B_curated_k100,55.58302609234258,20,48.493504664806466,76.52957886082899
curated,100,True,B_curated_k100_clean,56.45956650949282,20,49.76600854917354,76.86329735742618
curated,150,False,B_curated_k150,63.14610601896422,20,51.50712926995173,77.82178673719025
curated,150,True,B_curated_k150_clean,66.1291887593945,20,54.40309084029563,78.24365632409366
pca,20,False,A_pca_k020,56.85399179977991,20,45.704912851911544,66.9670281809092
pca,20,True,A_pca_k020_clean,60.78110826140518,20,45.58492693216463,71.0908965830199
pca,50,False,A_pca_k050,55.54396706291135,20,46.23571716196999,60.82554637841221
pca,50,True,A_pca_k050_clean,57.783278649776065,20,47.76708057429038,66.98680203024118
pca,100,False,A_pca_k100,49.56430252248122,20,45.855161676896586,55.07755365041701
pca,100,True,A_pca_k100_clean,50.6742909340095,20,47.78670925612939,66.98680203024118
pca,150,False,A_pca_k150,44.610934756472744,20,42.344691440703635,55.07755365041701
pca,150,True,A_pca_k150_clean,47.8141993351079,20,44.46540894324875,66.98680203024118
wgcna,20,False,C_wgcna_k020,83.82487626964965,20,78.63142774043001,89.08871699697201
wgcna,20,True,C_wgcna_k020_clean,84.84372953869651,20,81.80228616460938,89.05333968448073
wgcna,50,False,C_wgcna_k050,82.23527354399246,20,77.08559556090066,88.82885628187987
wgcna,50,True,C_wgcna_k050_clean,82.78507800449657,20,77.6958822320127,89.13996628791185
wgcna,100,False,C_wgcna_k100,79.13516393106883,20,73.79273381822749,88.95352418682687
wgcna,100,True,C_wgcna_k100_clean,79.08247305539011,20,73.00620176931953,89.13996628791185
wgcna,150,False,C_wgcna_k150,84.99012575331177,20,82.38087455990734,88.82885628187987
wgcna,150,True,C_wgcna_k150_clean,84.71145006275245,20,81.73551969126765,89.13996628791185
