variant,space,pair,n_factors,rho_delta_cos,rho_delta_ruler,rho_cos_ruler,overlap_top20_delta_cos,overlap_top20_delta_ruler,overlap_top20_cos_ruler,n_top20_cos_not_toward_young,n_top20_delta_not_toward_young,n_toward_young
V_all,S1,O1_Y1,1836,-0.007748055739778657,0.09377585152299546,0.2933680274803766,1,0,6,20,20,0
V_all,S1,O2_Y1,1836,0.9743733115932139,0.32071917402669586,0.3178756302255097,14,3,2,1,2,231
V_all,S2_k20,O1_Y1,1836,0.918512048937334,0.16595251312545367,0.15452928867139074,1,4,0,2,1,224
V_all,S2_k20,O1_Y2,1836,0.9744967287105644,0.3248059496466033,0.30989337435422665,7,3,2,20,20,0
V_all,S2_k20,O2_Y1,1836,0.9698232797059666,0.32306456266191863,0.31501430638652267,4,2,0,8,3,189
V_all,S2_k20,O2_Y2,1836,0.9670324943375572,0.30947678438457416,0.3081464827318848,5,2,0,6,2,190
V_all,S2_k50,O1_Y1,1836,0.9505029205844917,0.23451897004487288,0.22912860936342744,3,5,1,3,1,194
V_all,S2_k50,O1_Y2,1836,0.9719250352888671,0.3519471560213925,0.3482074052461407,6,2,1,20,20,0
V_all,S2_k50,O2_Y1,1836,0.9738629527677174,0.3334712575654957,0.3275892003119708,5,4,0,9,2,207
V_all,S2_k50,O2_Y2,1836,0.9729940266150103,0.3255433151531962,0.3242204338063589,5,3,0,9,2,194
V_all,S2_k100,O1_Y1,1836,0.9720708936447678,0.2589228668901348,0.2588498116813821,6,5,2,20,20,0
V_all,S2_k100,O1_Y2,1836,0.9434078808437318,0.35973096960818585,0.3719210779216749,10,2,1,20,20,0
V_all,S2_k100,O2_Y1,1836,0.9693019348723808,0.3412616577159106,0.3270523808347984,3,4,0,7,2,216
V_all,S2_k100,O2_Y2,1836,0.9725106248086572,0.33551696822008253,0.32364518269022774,3,4,0,8,2,208
V_sig,S1,O1_Y1,1836,0.15698697269039513,0.09570430118019023,0.248438721211208,0,0,1,20,20,0
V_sig,S1,O2_Y1,1836,0.8811251781845296,0.09680156800156262,0.10087844923402209,15,0,0,20,20,0
V_sig,S2_k20,O1_Y1,1836,0.8713121155048648,0.07322013072166875,0.06739394195333413,9,2,1,20,20,0
V_sig,S2_k20,O1_Y2,1836,0.923094525030963,0.08426002958214379,0.07391808348798039,7,1,0,20,20,0
V_sig,S2_k20,O2_Y1,1836,0.9467594741983293,0.10338150821972406,0.09750745489161268,1,2,0,20,20,0
V_sig,S2_k20,O2_Y2,1836,0.9477782587307085,0.09704192037515452,0.0935328680140387,0,3,0,20,20,0
V_sig,S2_k50,O1_Y1,1836,0.8799534000139041,0.1566470831280849,0.1530318042510519,9,2,1,20,20,0
V_sig,S2_k50,O1_Y2,1836,0.9220176189704355,0.14282396656414448,0.14007784263419806,9,3,1,20,20,0
V_sig,S2_k50,O2_Y1,1836,0.951820206163707,0.12870936208278191,0.13263636166834417,4,2,0,20,20,0
V_sig,S2_k50,O2_Y2,1836,0.9518624904673452,0.12529337474395266,0.1284780393314407,3,2,0,20,20,0
V_sig,S2_k100,O1_Y1,1836,0.8735259318603609,0.19023461768124708,0.19015119886267476,9,2,2,20,20,0
V_sig,S2_k100,O1_Y2,1836,0.9217722893496206,0.17328699975696413,0.17197501910505777,9,4,1,20,20,0
V_sig,S2_k100,O2_Y1,1836,0.9467720268662382,0.11742308851530063,0.1192355491167388,5,2,0,20,20,0
V_sig,S2_k100,O2_Y2,1836,0.949231310506964,0.11414645246510285,0.11570301818662285,6,2,0,20,20,0
